LiberalJudaism005,2.4902119532570666E-4
LiberalJudaism006,6.985064891713786E-5
LiberalJudaism011,1.1414093444521714E-4
LiberalJudaism001,0.25544338921285475
LiberalJudaism004,1.990066356273057E-4
LiberalJudaism007,1.752441108797358E-7
LiberalJudaism012,0.0022185607209342377
LiberalJudaism003,0.006955314757770602
LiberalJudaism010,9.13088827222509E-9
LiberalJudaism018,5.945078837103101E-5
LiberalJudaism017,0.0021187792773228347
LiberalJudaism009,0.06934866204111036
LiberalJudaism016,2.0053048046992396E-5
LiberalJudaism013,1.098553387783481E-7
LiberalJudaism024,5.554328647302484E-6
LiberalJudaism002,0.06436145642221802
LiberalJudaism015,0.005075939268617277
LiberalJudaism030,0.9313460285222406
LiberalJudaism008,0.6985683469617856
LiberalJudaism023,2.978667646053663E-7
LiberalJudaism014,1.931400547326568E-5
LiberalJudaism036,2.098130866911355E-5
LiberalJudaism019,5.512900361951595E-5
LiberalJudaism025,2.890531271359397E-8
LiberalJudaism022,5.570930586626677E-8
LiberalJudaism042,3.2137264227674103E-6
LiberalJudaism029,4.964328598552237E-4
LiberalJudaism035,5.943567458478098E-8
LiberalJudaism031,4.186920574043066E-5
LiberalJudaism020,2.518342036492949E-7
LiberalJudaism037,6.599823586143157E-4
LiberalJudaism043,4.993068784676123E-4
LiberalJudaism021,7.11566496381176E-6
LiberalJudaism048,0.002158781486590095
LiberalJudaism027,3.2709688209493945E-7
LiberalJudaism033,0.39735305114920055
LiberalJudaism041,0.0017991981139093903
LiberalJudaism047,4.6790146715557187E-7
LiberalJudaism054,0.004029316466832825
LiberalJudaism053,0.006590849645391392
LiberalJudaism028,2.4248539287878847E-6
LiberalJudaism049,1.867677142114944E-4
LiberalJudaism039,3.206898102520081E-4
LiberalJudaism026,3.0133008902865255E-4
LiberalJudaism045,0.00210413504620554
LiberalJudaism055,0.0023894293308761184
LiberalJudaism059,0.8207216172592785
LiberalJudaism032,7.129659603196334E-6
LiberalJudaism060,0.015203001222589023
LiberalJudaism061,0.0017720526846847918
LiberalJudaism066,7.424735326628719E-4
LiberalJudaism065,0.22107954820774414
LiberalJudaism071,0.001906630201842943
LiberalJudaism077,2.1103777623380684E-5
LiberalJudaism072,3.575185305457456E-5
LiberalJudaism038,1.0144830157886168E-4
LiberalJudaism083,0.13945493469094003
LiberalJudaism034,2.8736066992031316E-9
LiberalJudaism067,0.0036669344912377373
LiberalJudaism089,1.4612204593022918E-9
LiberalJudaism044,2.3290868238674155E-4
LiberalJudaism040,0.04844161710160045
LiberalJudaism095,4.5691692719056914E-7
LiberalJudaism073,5.047364977949064E-4
LiberalJudaism050,4.421648545927307E-6
LiberalJudaism078,0.08264592072243636
LiberalJudaism051,1.660243858362161E-9
LiberalJudaism057,5.689995399760863E-5
LiberalJudaism079,2.2721538872070155E-4
LiberalJudaism084,1.5642735201478717E-7
LiberalJudaism085,0.6235851307081155
LiberalJudaism063,9.129967565448991E-9
LiberalJudaism090,5.942460330346172E-4
LiberalJudaism069,0.0010511533556166058
LiberalJudaism091,1.7524221308501043E-7
LiberalJudaism046,9.156113511182276E-4
LiberalJudaism097,3.500056069609387E-5
LiberalJudaism052,0.8899417177451419
LiberalJudaism075,5.286003491683576E-5
LiberalJudaism101,0.02273214065901991
LiberalJudaism103,1.7127857560463398E-8
LiberalJudaism096,4.163458438879359E-5
LiberalJudaism056,0.9976965509752047
LiberalJudaism081,0.004519413968834748
LiberalJudaism109,1.6459730319025672E-4
LiberalJudaism102,0.053954800232873495
LiberalJudaism107,5.807758980298272E-7
LiberalJudaism108,2.0131901758238933E-5
LiberalJudaism058,0.5191182354396752
LiberalJudaism114,0.0020425690315419376
LiberalJudaism062,1.9960918933914943E-4
LiberalJudaism113,3.0190862707496475E-4
LiberalJudaism087,1.30802963232393E-4
LiberalJudaism064,1.638841537448709E-6
LiberalJudaism119,2.8146273090523294E-4
LiberalJudaism115,0.014440124132951886
LiberalJudaism068,3.066768375029473E-5
LiberalJudaism121,3.7602807134406655E-6
LiberalJudaism093,5.919562321609307E-4
LiberalJudaism099,0.03594767483511579
LiberalJudaism120,0.04063420354516173
LiberalJudaism127,6.501468368889555E-6
LiberalJudaism133,0.0014031610862245485
LiberalJudaism074,0.6515640104628927
LiberalJudaism125,6.105492035138076E-5
LiberalJudaism126,1.0479396407077728E-4
LiberalJudaism105,2.0350739295513577E-8
LiberalJudaism131,5.4164018279010824E-5
LiberalJudaism080,4.748585842982535E-5
LiberalJudaism137,6.81821738358088E-6
LiberalJudaism070,0.045417576731353326
LiberalJudaism086,6.38166183855403E-6
LiberalJudaism132,0.005767414299811311
LiberalJudaism138,0.01698704081930837
LiberalJudaism076,1.883355219373527E-4
LiberalJudaism143,2.5682730577988343E-5
LiberalJudaism139,1.774215494431635E-5
LiberalJudaism092,0.001648113158773181
LiberalJudaism111,0.007792959294113411
LiberalJudaism145,4.751190831870215E-6
LiberalJudaism151,0.05715215211539896
LiberalJudaism117,1.839443178496961E-5
LiberalJudaism157,0.7690401932287572
LiberalJudaism149,7.260350942685404E-4
LiberalJudaism155,0.07741263430328944
LiberalJudaism144,0.039530179324669894
LiberalJudaism082,2.7957034330607258E-9
LiberalJudaism123,5.7436245382228795E-5
LiberalJudaism163,0.06744691129444254
LiberalJudaism161,0.015972785590279516
LiberalJudaism098,0.00997980431382205
LiberalJudaism129,0.21674834397673504
LiberalJudaism104,0.881791014184276
LiberalJudaism150,6.933323904858285E-10
LiberalJudaism135,7.334130182898387E-5
LiberalJudaism088,7.726059490576993E-9
LiberalJudaism141,8.21727046645915E-6
LiberalJudaism147,2.0748866925975396E-5
LiberalJudaism153,0.9740952517738204
LiberalJudaism094,1.3330535762693138E-5
LiberalJudaism159,5.710908754167517E-6
LiberalJudaism156,1.1234437612965381E-4
LiberalJudaism110,3.655696795577587E-5
LiberalJudaism116,0.5346053244027392
LiberalJudaism165,0.0016078722271244247
LiberalJudaism162,0.010088406346219842
LiberalJudaism100,4.388143066287846E-5
LiberalJudaism122,4.327584033950401E-6
LiberalJudaism128,9.342288009544905E-5
LiberalJudaism106,8.454146209805248E-7
LiberalJudaism134,3.41228336775555E-6
LiberalJudaism112,0.0016779064462220951
LiberalJudaism140,8.336929190902214E-4
LiberalJudaism118,0.6027614091579848
LiberalJudaism146,2.386928024573519E-4
LiberalJudaism124,8.07336477794715E-5
LiberalJudaism152,1.441651950785579E-4
LiberalJudaism130,0.005210298298975241
LiberalJudaism158,0.29289424721935964
LiberalJudaism136,0.0028304377905654754
LiberalJudaism164,7.937907859944152E-5
LiberalJudaism142,1.8663309395673336E-4
LiberalJudaism148,0.05862297416971271
LiberalJudaism154,7.49915311539537E-5
LiberalJudaism160,0.0057480299342922625
LiberalJudaism166,1.0856797143995524E-5
