PastorAnderson004,5.658156136591545E-8
PastorAnderson002,2.89423562665654E-11
PastorAnderson001,3.711961644195253E-10
PastorAnderson003,2.1906876217883477E-9
PastorAnderson007,1.635362720473847E-8
PastorAnderson008,1.1096619813258536E-7
PastorAnderson009,1.909084915522458E-14
PastorAnderson006,4.036884223538205E-14
PastorAnderson005,6.012661529166673E-16
PastorAnderson010,7.311033283304515E-13
PastorAnderson013,2.1906876217883477E-9
PastorAnderson016,2.2977674859038333E-8
PastorAnderson014,1.8392093202776316E-11
PastorAnderson011,1.0541714153178512E-11
PastorAnderson019,6.193831567186116E-12
PastorAnderson015,1.097270493533908E-15
PastorAnderson012,3.6447231891148884E-7
PastorAnderson022,2.965065113135146E-14
PastorAnderson025,8.854357604846868E-6
PastorAnderson017,1.1796931226560018E-8
PastorAnderson020,4.485447212298931E-4
PastorAnderson028,2.3832758472977484E-4
PastorAnderson021,2.5785079013218892E-12
PastorAnderson026,8.239923073384528E-7
PastorAnderson018,1.031580394411405E-11
PastorAnderson027,1.0969614817216324E-7
PastorAnderson023,1.8403027424964323E-12
PastorAnderson031,0.0018412782212559626
PastorAnderson034,3.730319068169793E-13
PastorAnderson032,4.3442612245228216E-11
PastorAnderson038,1.5407461303811345E-12
PastorAnderson029,0.03848588674102266
PastorAnderson024,1.1651562134036446E-6
PastorAnderson033,1.332460933988735E-10
PastorAnderson040,2.000694617582467E-12
PastorAnderson037,2.917807548400304E-10
PastorAnderson044,1.0742623270980758E-13
PastorAnderson035,3.871777763376866E-6
PastorAnderson046,4.3322785768783977E-10
PastorAnderson039,3.795737690580076E-11
PastorAnderson043,1.807103708152801E-15
PastorAnderson041,1.2249431148414506E-10
PastorAnderson052,2.1571135335829195E-11
PastorAnderson030,1.4903653705244515E-9
PastorAnderson050,6.288745507942783E-9
PastorAnderson045,4.1625805947191356E-8
PastorAnderson049,1.5545327586043413E-16
PastorAnderson051,1.1013178826250935E-16
PastorAnderson058,7.670271686226704E-10
PastorAnderson047,8.70880274580643E-8
PastorAnderson036,1.2241319462318439E-9
PastorAnderson056,4.4451543054080704E-11
PastorAnderson057,2.716959459061551E-10
PastorAnderson062,1.298614625204815E-16
PastorAnderson042,1.1538953712224202E-6
PastorAnderson064,1.4991814970763358E-11
PastorAnderson063,2.257112699772607E-14
PastorAnderson053,1.33762736937236E-11
PastorAnderson055,1.0477613616998845E-8
PastorAnderson068,9.687347515738151E-9
PastorAnderson059,1.174788704547089E-9
PastorAnderson069,1.0582767711280267E-12
PastorAnderson070,7.953054866756118E-15
PastorAnderson074,2.187173724988275E-8
PastorAnderson075,2.2216569309881082E-10
PastorAnderson048,4.1450654032574195E-16
PastorAnderson061,2.2381746834170435E-11
PastorAnderson065,1.6210733805848653E-10
PastorAnderson076,2.1640051643090303E-10
PastorAnderson082,6.357033188076947E-14
PastorAnderson054,7.676044357111772E-12
PastorAnderson067,1.8692701630750612E-12
PastorAnderson080,2.4332979947094544E-12
PastorAnderson081,1.5894452617177945E-11
PastorAnderson071,4.029118579664914E-7
PastorAnderson060,5.091404602988384E-13
PastorAnderson088,2.1353425970631405E-5
PastorAnderson077,2.946825646709285E-13
PastorAnderson087,7.651046955128122E-10
PastorAnderson073,3.681221726650636E-9
PastorAnderson086,7.348522397238597E-12
PastorAnderson083,1.1402146205926023E-8
PastorAnderson066,7.014753820806796E-11
PastorAnderson093,2.189038948361964E-8
PastorAnderson092,5.432406854657383E-7
PastorAnderson079,2.5949505706083106E-12
PastorAnderson094,5.521215335211159E-13
PastorAnderson072,0.9372450622036659
PastorAnderson089,2.4272329096744484E-10
PastorAnderson099,2.6339367057643642E-8
PastorAnderson078,5.7093870153303436E-11
PastorAnderson100,1.2323708282830542E-11
PastorAnderson098,1.8067618362501496E-12
PastorAnderson085,5.696026395051123E-15
PastorAnderson106,3.0050838187128386E-14
PastorAnderson084,1.2842217832762527E-9
PastorAnderson105,5.01980953400758E-5
PastorAnderson095,1.1427304682481447E-7
PastorAnderson111,2.4064290304353207E-12
PastorAnderson104,3.7029269865201727E-6
PastorAnderson101,9.085590663056442E-12
PastorAnderson091,3.586794676187063E-7
PastorAnderson090,5.8009122848434164E-8
PastorAnderson112,4.913952472755926E-6
PastorAnderson097,5.822323402220285E-17
PastorAnderson117,1.1020141865015505E-12
PastorAnderson110,5.119594196339934E-8
PastorAnderson096,1.1085203512307037E-15
PastorAnderson107,5.683957013360032E-11
PastorAnderson113,2.2722150716526066E-7
PastorAnderson123,2.9033721366775935E-10
PastorAnderson116,1.2694216877056296E-5
PastorAnderson129,3.850384315241852E-15
PastorAnderson103,1.936398091300419E-9
PastorAnderson102,1.3971457200997262E-13
PastorAnderson118,2.530510546423994E-13
PastorAnderson119,3.925194189189824E-7
PastorAnderson122,1.0372419332156169E-5
PastorAnderson108,5.295685747337539E-11
PastorAnderson109,7.839532626183232E-6
PastorAnderson124,5.698846392684458E-10
PastorAnderson125,1.5327810602741894E-10
PastorAnderson135,9.98227285696207E-13
PastorAnderson115,8.312888100321704E-12
PastorAnderson128,1.0384325251585665E-10
PastorAnderson114,4.892350502137027E-13
PastorAnderson131,2.1873562703189857E-12
PastorAnderson130,9.840617640845838E-11
PastorAnderson121,2.2608817149372082E-8
PastorAnderson141,2.7305323227145973E-11
PastorAnderson120,2.6627933827289237E-15
PastorAnderson136,7.908408438845203E-14
PastorAnderson137,6.599162273137606E-17
PastorAnderson134,3.3422398096938774E-12
PastorAnderson126,4.939130871027427E-10
PastorAnderson143,7.993786919061166E-13
PastorAnderson140,0.0020088093181792805
PastorAnderson127,1.9947476497279609E-10
PastorAnderson142,3.985465497774881E-8
PastorAnderson147,1.661530180463821E-14
PastorAnderson132,4.6370657910158514E-10
PastorAnderson146,3.986708965648004E-6
PastorAnderson149,1.0855528341522146E-10
PastorAnderson133,1.4235922961226538E-12
PastorAnderson148,1.4791202910743305E-15
PastorAnderson138,6.893490546711128E-5
PastorAnderson139,7.118001693964735E-6
PastorAnderson152,1.8751738724524463E-4
PastorAnderson154,6.585715423642379E-13
PastorAnderson153,1.032370747131088E-10
PastorAnderson155,2.546955334334462E-6
PastorAnderson144,2.5065696569590496E-12
PastorAnderson145,4.2656452618368464E-7
PastorAnderson158,7.597461762149739E-8
PastorAnderson160,1.7559351826890935E-10
PastorAnderson159,6.782970909955455E-9
PastorAnderson150,2.7247825365512643E-9
PastorAnderson161,8.351944374535223E-14
PastorAnderson165,3.139606242249821E-8
PastorAnderson166,3.612086564285017E-12
PastorAnderson156,3.534206620970534E-13
PastorAnderson164,3.1445959625939433E-11
PastorAnderson151,8.444595842172851E-12
PastorAnderson157,5.025453464640851E-10
PastorAnderson170,1.5545286591788614E-7
PastorAnderson171,4.2187712335858485E-13
PastorAnderson167,6.578594884101499E-7
PastorAnderson176,2.94763771060482E-10
PastorAnderson162,5.3365682623992355E-11
PastorAnderson172,6.940104504458872E-11
PastorAnderson177,1.5003016556252933E-6
PastorAnderson163,2.0134997538163535E-6
PastorAnderson178,2.9089617254512846E-11
PastorAnderson168,1.0019852616605123E-11
PastorAnderson183,3.5479543329290154E-12
PastorAnderson173,6.069502294352009E-13
PastorAnderson182,1.6896563650272421E-9
PastorAnderson174,2.451742179440149E-13
PastorAnderson184,1.743118474502933E-12
PastorAnderson169,4.2725501787217496E-13
PastorAnderson189,8.115835180662763E-12
PastorAnderson179,1.972858105854769E-6
PastorAnderson175,3.3586171473253666E-7
PastorAnderson180,0.1500848777103519
PastorAnderson188,7.743829907298549E-14
PastorAnderson185,1.046022099103402E-9
PastorAnderson190,1.0881072851394234E-10
PastorAnderson195,4.784423475802322E-13
PastorAnderson194,1.6883578948181375E-9
PastorAnderson181,4.091435259611987E-12
PastorAnderson186,1.6824201356878556E-11
PastorAnderson196,6.859726976536603E-8
PastorAnderson201,4.062320595312521E-11
PastorAnderson191,4.716786364808302E-13
PastorAnderson207,1.083966265269963E-11
PastorAnderson192,2.4340099498990796E-14
PastorAnderson187,7.551004779821509E-13
PastorAnderson200,2.8958310728814514E-11
PastorAnderson197,2.846898600652764E-6
PastorAnderson202,2.0842902901427638E-13
PastorAnderson213,2.392464661935882E-9
PastorAnderson193,1.2234129196947046E-13
PastorAnderson208,1.2278808766739518E-7
PastorAnderson206,5.406020354690717E-10
PastorAnderson198,9.143811159718739E-12
PastorAnderson203,2.4240224254905454E-9
PastorAnderson209,7.259992191960786E-10
PastorAnderson219,3.0872507341320184E-13
PastorAnderson199,1.924457967028223E-12
PastorAnderson204,1.18397419382167E-7
PastorAnderson214,1.5818660415520902E-12
PastorAnderson225,6.6688790733488E-10
PastorAnderson212,2.265286466325078E-14
PastorAnderson205,3.8634749448659285E-10
PastorAnderson215,2.708730945890292E-4
PastorAnderson210,2.7492521685445076E-9
PastorAnderson220,3.7071479481535305E-11
PastorAnderson216,1.7057169233159617E-11
PastorAnderson211,1.2014933747274534E-10
PastorAnderson221,1.9194135552955468E-16
PastorAnderson222,7.56909806479552E-6
PastorAnderson226,2.375141180246782E-11
PastorAnderson218,9.311252635356854E-10
PastorAnderson224,3.197333063706456E-7
PastorAnderson217,1.6632336008505158E-8
PastorAnderson228,2.1906876217883477E-9
PastorAnderson227,1.293648526983127E-9
PastorAnderson223,1.1416664383138533E-5
