Schizophrenia005,0.0398981248588863
Schizophrenia001,0.3863265505489968
Schizophrenia012,0.5692851706883431
Schizophrenia006,0.7532722914547795
Schizophrenia004,0.18183468184110718
Schizophrenia013,0.3006132106238787
Schizophrenia002,0.02916295216375449
Schizophrenia008,0.28582493097349254
Schizophrenia003,0.8851457724186335
Schizophrenia009,0.1825117916619792
Schizophrenia020,0.11554734896184
Schizophrenia007,0.021981512447361382
Schizophrenia027,0.002314617796265655
Schizophrenia022,0.5533200186227583
Schizophrenia011,5.536958168090653E-4
Schizophrenia010,0.0895375829753918
Schizophrenia029,0.3609991055058449
Schizophrenia017,0.19222613247461554
Schizophrenia024,0.13202481580422432
Schizophrenia036,0.4602626943030793
Schizophrenia014,0.11694075728237108
Schizophrenia016,2.1751359013560668E-4
Schizophrenia034,0.015912266043848374
Schizophrenia043,0.9333376408147129
Schizophrenia023,0.6338642138758906
Schizophrenia041,0.8543208983252792
Schizophrenia021,0.5710439812064595
Schizophrenia031,0.056582366562619585
Schizophrenia028,0.19297661547186412
Schizophrenia019,0.15345511144555243
Schizophrenia035,0.5524486946757132
Schizophrenia026,0.23457876477337902
Schizophrenia030,0.806555165435034
Schizophrenia018,0.0021161311725195033
Schizophrenia069,0.00931291883219009
Schizophrenia037,0.06139990077686178
Schizophrenia033,0.05183227296469178
Schizophrenia038,0.0019579817524757234
Schizophrenia045,0.8674803380623342
Schizophrenia042,4.510069539410978E-4
Schizophrenia040,0.18720331412403565
Schizophrenia044,0.629097933050899
Schizophrenia025,0.004145567068452719
Schizophrenia070,0.5313013724897806
Schizophrenia068,0.5260293420266976
Schizophrenia032,0.005154204612039325
Schizophrenia039,0.8467681750554088
Schizophrenia067,0.17273780174860348
