SeaShepherds003,0.9999995159077327
SeaShepherds006,0.47825184235143803
SeaShepherds004,0.9991461415364905
SeaShepherds005,0.9963505878641665
SeaShepherds012,0.1686967752030326
SeaShepherds002,0.5425869881716331
SeaShepherds019,0.008313111056547829
SeaShepherds026,0.9607840327037107
SeaShepherds011,0.4648202820330505
SeaShepherds018,0.37220580339027537
SeaShepherds007,0.9983274214216413
SeaShepherds001,0.9999936452316486
SeaShepherds014,0.9879347060681857
SeaShepherds010,0.9391435547583546
SeaShepherds033,0.014828634910012085
SeaShepherds017,0.9797242400492696
SeaShepherds008,0.9996102456304568
SeaShepherds021,0.999981417247185
SeaShepherds025,0.9291336327352633
SeaShepherds032,0.7250972910336886
SeaShepherds039,4.0523918060210245E-4
SeaShepherds046,0.7699575403014741
SeaShepherds028,0.07042232076605069
SeaShepherds024,0.9999986545520801
SeaShepherds035,0.002860256176265166
SeaShepherds040,0.2476046406221402
SeaShepherds015,4.90283936855573E-6
SeaShepherds022,0.06436606527415922
SeaShepherds047,0.6109716229408982
SeaShepherds009,0.9999999618479182
SeaShepherds029,0.2700543789350946
SeaShepherds042,0.6335084993620652
SeaShepherds053,0.05362734838746282
SeaShepherds016,0.9211708962114217
SeaShepherds060,1.6047507665137417E-5
SeaShepherds031,0.8722495075539788
SeaShepherds013,0.9998017830878922
SeaShepherds067,0.9991752043507324
SeaShepherds049,0.2376144696930606
SeaShepherds056,0.8464889177540514
SeaShepherds063,0.9576137234996692
SeaShepherds023,0.920935926942698
SeaShepherds038,0.05571634993683944
SeaShepherds036,0.21530237432320254
SeaShepherds074,0.9999599828949448
SeaShepherds081,0.9907065148172806
SeaShepherds043,0.2917045237670324
SeaShepherds050,0.9987754272713493
SeaShepherds057,0.7124234159596291
SeaShepherds070,0.9919147346900039
SeaShepherds054,1.0394517252662069E-6
SeaShepherds077,0.9931096800984296
SeaShepherds045,0.9696633393644698
SeaShepherds020,0.9999546725502293
SeaShepherds064,0.7748541020235904
SeaShepherds088,0.051145313155147226
SeaShepherds084,0.9981531134724596
SeaShepherds052,0.9999379893680329
SeaShepherds091,0.24644172806871836
SeaShepherds030,9.565760818796317E-8
SeaShepherds095,0.9999915993031884
SeaShepherds027,0.08985719395058214
SeaShepherds071,0.9776242457541988
SeaShepherds034,0.960462272064493
SeaShepherds061,0.9705336743543027
SeaShepherds098,0.15372713342856129
SeaShepherds037,0.9999987458665006
SeaShepherds059,0.7477391748487197
SeaShepherds066,0.9286871231174672
SeaShepherds068,0.9520387997383242
SeaShepherds073,0.9246670956713026
SeaShepherds044,0.8198695440891488
SeaShepherds078,0.9945209950416412
SeaShepherds085,0.9946665129174245
SeaShepherds075,0.9999919254392532
SeaShepherds051,0.37160691483378566
SeaShepherds041,0.1737385386028372
SeaShepherds082,0.9999831074728692
SeaShepherds105,0.9999199582212193
SeaShepherds102,0.003020340077714112
SeaShepherds112,0.9985483687548895
SeaShepherds119,0.9398252609649471
SeaShepherds109,0.510783812598328
SeaShepherds126,0.7478946520663815
SeaShepherds058,0.8318800401378211
SeaShepherds133,0.999959459481259
SeaShepherds089,0.954299349482379
SeaShepherds048,0.9999999690785698
SeaShepherds116,0.9342305511210202
SeaShepherds096,0.7442797230854536
SeaShepherds065,0.9756277873073889
SeaShepherds123,0.9999926961421833
SeaShepherds080,0.9994743938434133
SeaShepherds087,0.03703044130687894
SeaShepherds092,0.8716500376063876
SeaShepherds099,0.963188167109465
SeaShepherds130,6.626247886387279E-6
SeaShepherds094,0.9544402400570474
SeaShepherds055,0.9998319983978841
SeaShepherds137,0.26035027653074794
SeaShepherds144,0.9014013224612466
SeaShepherds062,0.9998656380045895
SeaShepherds140,0.9999956066398163
SeaShepherds072,0.9999988185356917
SeaShepherds079,0.9950171022629287
SeaShepherds151,0.9692937399461136
SeaShepherds103,0.9758482142620045
SeaShepherds069,0.9984085806445756
SeaShepherds086,0.9999978685039796
SeaShepherds147,0.9997842919319846
SeaShepherds093,0.06950207617066086
SeaShepherds100,0.9998795150866184
SeaShepherds154,0.9991120675977186
SeaShepherds110,0.9990432080805006
SeaShepherds161,0.8235011528982241
SeaShepherds106,0.9985111322955517
SeaShepherds158,0.01727468539487029
SeaShepherds076,0.8317427576569905
SeaShepherds107,0.9586217622402345
SeaShepherds114,0.04013776218739461
SeaShepherds121,0.9925685785178266
SeaShepherds165,0.9449367417230568
SeaShepherds101,0.003020340077714112
SeaShepherds128,0.9969289480462378
SeaShepherds135,0.9905291529977459
SeaShepherds142,0.19581284572932114
SeaShepherds168,0.9999997509921248
SeaShepherds108,0.06689230818494774
SeaShepherds172,0.29820595973907804
SeaShepherds149,0.001875938070231249
SeaShepherds115,0.7854683210971335
SeaShepherds122,0.9997907144518156
SeaShepherds129,0.7368955280801579
SeaShepherds136,0.9658433792952035
SeaShepherds117,0.9999960751588225
SeaShepherds175,0.99567025797417
SeaShepherds179,0.9999994609654591
SeaShepherds186,0.9999999267488773
SeaShepherds143,0.6482102796735986
SeaShepherds182,0.9867631391852387
SeaShepherds156,0.8784685918964982
SeaShepherds113,0.9999986913316825
SeaShepherds189,0.9999999908946683
SeaShepherds124,0.9744919670322878
SeaShepherds131,0.981289603358784
SeaShepherds150,0.9996608663886639
SeaShepherds138,0.970470347478672
SeaShepherds196,0.868670919321708
SeaShepherds145,0.007477959369703714
SeaShepherds163,0.47851739143314503
SeaShepherds170,0.5581671430201833
SeaShepherds203,0.7759462063251851
SeaShepherds152,0.8751561475861289
SeaShepherds193,0.9700199478392684
SeaShepherds120,0.9994404032435016
SeaShepherds200,0.009489723969182712
SeaShepherds159,0.030660495829719976
SeaShepherds210,0.9819693239045029
SeaShepherds166,0.7070243675570398
SeaShepherds127,0.9779957692450445
SeaShepherds134,0.0018693916894436668
SeaShepherds141,0.23882192472157365
SeaShepherds148,0.975817041154933
SeaShepherds083,0.03616798196955847
SeaShepherds217,0.9997181036061942
SeaShepherds207,0.9993976750546028
SeaShepherds173,0.992518926528642
SeaShepherds180,6.680527088398141E-4
SeaShepherds187,0.049119765099507474
SeaShepherds194,0.9999897424817809
SeaShepherds201,0.11765988515225118
SeaShepherds208,0.951355745303025
SeaShepherds157,0.9999893311564931
SeaShepherds215,0.8698005246611712
SeaShepherds164,0.01168906333602253
SeaShepherds155,0.9998442545766458
SeaShepherds171,0.1545329486882681
SeaShepherds090,0.9346011735263705
SeaShepherds222,0.9807665347357999
SeaShepherds229,0.9176413811236479
SeaShepherds162,0.9896302553751751
SeaShepherds177,0.9999999850324153
SeaShepherds224,1.846704498575617E-4
SeaShepherds231,0.09231978825213175
SeaShepherds169,0.030420852731937932
SeaShepherds236,0.9998259645127183
SeaShepherds238,0.9389590398151727
SeaShepherds184,0.9940106590061024
SeaShepherds214,0.9999957502602511
SeaShepherds245,0.9825131026951329
SeaShepherds252,0.05240800793988316
SeaShepherds221,0.9802756354944568
SeaShepherds191,0.9982830777892311
SeaShepherds228,0.47275990463133927
SeaShepherds198,0.09790674570318675
SeaShepherds243,0.9818697454005448
SeaShepherds250,0.9992223470214149
SeaShepherds235,0.9882373999301662
SeaShepherds176,0.9893419789255212
SeaShepherds097,0.033182455670878866
SeaShepherds178,0.8958805835947311
SeaShepherds183,0.9996702445224751
SeaShepherds259,0.9642096030438343
SeaShepherds205,0.9999858691755271
SeaShepherds257,9.29720649751493E-4
SeaShepherds185,0.9954958678997348
SeaShepherds264,8.22803343888812E-5
SeaShepherds212,0.1608310228120604
SeaShepherds219,0.9974012059863341
SeaShepherds271,0.6353883041137567
SeaShepherds242,0.999618176721598
SeaShepherds249,0.9781771351891552
SeaShepherds190,0.9974629628892183
SeaShepherds226,0.6588828503267671
SeaShepherds266,0.9999247127724815
SeaShepherds256,2.2490617332918055E-4
SeaShepherds263,0.001132930259332007
SeaShepherds273,0.0015933305697494603
SeaShepherds192,0.0019761947137187344
SeaShepherds199,0.940184018856793
SeaShepherds206,0.1312414665169677
SeaShepherds270,0.9970833750303685
SeaShepherds233,0.9846656254970297
SeaShepherds213,0.8586013539752716
SeaShepherds278,0.9971344804324586
SeaShepherds197,0.9999288368964456
SeaShepherds280,0.2711043044741918
SeaShepherds285,0.16162208328154756
SeaShepherds240,0.7942230131687774
SeaShepherds247,0.9102522288302196
SeaShepherds220,0.8335893493503648
SeaShepherds227,0.9999774835785706
SeaShepherds234,0.31705484233453995
SeaShepherds104,0.0036221066406616578
SeaShepherds277,0.9984261900995886
SeaShepherds284,0.5675079019101485
SeaShepherds254,0.9959985203420515
SeaShepherds287,3.757061423017562E-4
SeaShepherds294,0.008349833538870257
SeaShepherds111,0.9896007624006733
SeaShepherds291,0.5545450268301824
SeaShepherds298,0.9999999207222637
SeaShepherds301,0.9205295108218776
SeaShepherds261,0.8936657950319342
SeaShepherds309,0.05681637712206427
SeaShepherds316,0.9998999477776634
SeaShepherds241,0.999997709605252
SeaShepherds292,3.3117405068010757E-4
SeaShepherds323,0.9998895152269217
SeaShepherds330,3.265661768981738E-4
SeaShepherds306,0.996279477677827
SeaShepherds337,0.9477702974637431
SeaShepherds299,0.8336397633954987
SeaShepherds268,0.8422285988980723
SeaShepherds307,0.6755388527204682
SeaShepherds275,0.9997957864610988
SeaShepherds282,0.965885586366607
SeaShepherds314,0.8430996071856346
SeaShepherds289,0.9999120734567235
SeaShepherds248,0.9389966482074091
SeaShepherds313,0.010032962288738336
SeaShepherds320,0.998795618807586
SeaShepherds255,0.1103510482282274
SeaShepherds321,0.8680535880939996
SeaShepherds328,0.9979529777084375
SeaShepherds327,0.026838525846816345
SeaShepherds296,0.9991405151932058
SeaShepherds335,0.9998847131343497
SeaShepherds262,0.7728030127792108
SeaShepherds344,0.9810488525940254
SeaShepherds118,0.9258596821369479
SeaShepherds334,0.537000394546444
SeaShepherds341,0.6757058766522126
SeaShepherds125,0.9990897112180247
SeaShepherds269,0.9985967594309549
SeaShepherds348,0.8771621880379769
SeaShepherds355,0.9999961410436913
SeaShepherds351,0.6499272360586499
SeaShepherds342,0.6483031254271541
SeaShepherds362,0.9107515953840382
SeaShepherds303,0.9982803793296215
SeaShepherds369,0.20454608734516175
SeaShepherds358,0.9989562427123653
SeaShepherds376,0.08934278072999009
SeaShepherds349,0.7969351350618998
SeaShepherds383,0.10442658773325846
SeaShepherds390,0.32792819068855633
SeaShepherds365,0.474119786785457
SeaShepherds397,0.08053091894408328
SeaShepherds404,0.49740787019908
SeaShepherds411,0.07720526318788014
SeaShepherds418,0.7285402757852086
SeaShepherds311,0.9529189321512048
SeaShepherds318,0.9967168003782678
SeaShepherds356,0.9391245146286915
SeaShepherds276,0.9981232922554447
SeaShepherds372,0.9173395964602421
SeaShepherds132,0.9989483219907747
SeaShepherds379,0.5732572597395948
SeaShepherds363,0.9382378112589321
SeaShepherds370,0.9999673311797985
SeaShepherds386,0.9996499551443
SeaShepherds425,0.9668890799927786
SeaShepherds325,0.9999997609794847
SeaShepherds332,0.8659540989316669
SeaShepherds393,0.9998049386291664
SeaShepherds400,0.38173569635988547
SeaShepherds283,0.05586475623740288
SeaShepherds377,0.999953713180384
SeaShepherds407,0.48764916018458193
SeaShepherds414,0.4091236774621604
SeaShepherds384,0.999609912620871
SeaShepherds421,0.15386678672596193
SeaShepherds428,0.9988125692804118
SeaShepherds290,0.45642028921548056
SeaShepherds435,0.9999999374277572
SeaShepherds297,0.16200187121099946
SeaShepherds304,0.9866742927755084
SeaShepherds391,0.6667749801771177
SeaShepherds398,0.9583136561827357
SeaShepherds405,0.6518328671309938
SeaShepherds412,0.8917986430033148
SeaShepherds139,0.9290594327158399
SeaShepherds204,0.5452802090480404
SeaShepherds442,0.9955618854960198
SeaShepherds419,0.02135838299454138
SeaShepherds211,0.37257692286601096
SeaShepherds339,0.1603854264823284
SeaShepherds449,0.9979618388915951
SeaShepherds456,0.9992148323780854
SeaShepherds463,0.22501741059839256
SeaShepherds312,0.5211110038965876
SeaShepherds218,0.3531128701020675
SeaShepherds432,0.9999004972086007
SeaShepherds470,0.41090912308124794
SeaShepherds439,0.0025443894432871103
SeaShepherds225,0.0028823277581988306
SeaShepherds319,0.564286659087654
SeaShepherds446,0.9999711512836105
SeaShepherds477,0.9995013498627059
SeaShepherds484,0.39412741785102456
SeaShepherds346,0.9982714968061936
SeaShepherds326,0.9997377885453537
SeaShepherds426,0.8880648504771191
SeaShepherds453,0.8273806205132896
SeaShepherds491,0.9995595180190532
SeaShepherds498,0.9991173060155354
SeaShepherds505,0.25426366401773004
SeaShepherds353,0.9998823438333099
SeaShepherds333,0.9257990094581184
SeaShepherds360,0.050592876046700486
SeaShepherds340,0.7975810103199698
SeaShepherds232,0.9551978963586416
SeaShepherds367,0.454699507590738
SeaShepherds374,0.12112696930103213
SeaShepherds347,0.9999991256556704
SeaShepherds381,0.031201098614287524
SeaShepherds433,0.9997093016518087
SeaShepherds512,0.9998867157989739
SeaShepherds440,0.9110090968867195
SeaShepherds447,0.8987364083042122
SeaShepherds354,0.97198526819183
SeaShepherds460,0.879523630745336
SeaShepherds361,0.07770982058835724
SeaShepherds368,0.9335416831788934
SeaShepherds375,0.027044367495804217
SeaShepherds239,0.9992415818314281
SeaShepherds388,0.1441929158039356
SeaShepherds454,0.9965333179184861
SeaShepherds382,0.9999273731299826
SeaShepherds389,0.18864166732274093
SeaShepherds461,0.8407618594706286
SeaShepherds246,0.14013395405008716
SeaShepherds146,0.9999976006008475
SeaShepherds403,0.4897622157403048
SeaShepherds519,0.9999315792604486
SeaShepherds410,0.4319627128955524
SeaShepherds395,0.004741152659850165
SeaShepherds402,0.6916397184711716
SeaShepherds409,0.10382098407379234
SeaShepherds467,0.005279585538050536
SeaShepherds474,0.6369129140621258
SeaShepherds481,0.9992036632615298
SeaShepherds153,0.9994683811338102
SeaShepherds416,0.9999994594650317
SeaShepherds417,0.8087627381952528
SeaShepherds253,1.1614983917867107E-4
SeaShepherds526,0.19310015555754212
SeaShepherds488,0.995359213851143
SeaShepherds495,0.9339638381063109
SeaShepherds160,0.816810401202386
SeaShepherds533,0.9115723828041143
SeaShepherds468,0.1066633349876828
SeaShepherds502,0.8790593625587638
SeaShepherds475,0.40445384165839177
SeaShepherds423,0.9999865589639143
SeaShepherds260,0.7665550225577513
SeaShepherds267,6.410670558930201E-4
SeaShepherds274,0.9285897059902295
SeaShepherds424,0.9999163069289604
SeaShepherds430,0.9325177563870501
SeaShepherds281,0.9976523607915427
SeaShepherds288,0.05802973721940665
SeaShepherds167,0.9997390562827022
SeaShepherds509,0.9999976542989218
SeaShepherds437,0.6562331849220105
SeaShepherds482,0.9981040890151185
SeaShepherds540,0.9999999726363143
SeaShepherds431,0.9362559164389063
SeaShepherds295,0.01682155430583403
SeaShepherds438,0.999890264496943
SeaShepherds444,0.014668217852313519
SeaShepherds445,0.9854192786534215
SeaShepherds452,0.08864375714523792
SeaShepherds547,0.9872124550607255
SeaShepherds302,0.5145516264425507
SeaShepherds459,0.9969381429895214
SeaShepherds489,0.6659769128820416
SeaShepherds516,0.9997158508777666
SeaShepherds496,0.5924054665281199
SeaShepherds466,0.8766904946732832
SeaShepherds473,0.8450590917536762
SeaShepherds523,0.9997249378667619
SeaShepherds480,0.996426386357759
SeaShepherds530,0.9970670305372552
SeaShepherds554,0.9999497282923056
SeaShepherds310,0.8402918028108086
SeaShepherds561,0.9620251278883628
SeaShepherds537,0.013996985310164245
SeaShepherds568,0.9999943253295154
SeaShepherds544,0.7793660768971371
SeaShepherds551,0.9941241222809782
SeaShepherds317,0.9992939349026373
SeaShepherds451,0.9999994362943887
SeaShepherds575,0.9848776741449301
SeaShepherds458,0.9994981133715214
SeaShepherds465,0.9995692888051806
SeaShepherds503,0.9998849682414179
SeaShepherds510,0.9704676246712121
SeaShepherds517,0.9999703289562792
SeaShepherds582,0.999990075593906
SeaShepherds324,0.9999999999987124
SeaShepherds331,0.9999999295671821
SeaShepherds589,0.0755680709661648
SeaShepherds472,0.002308707419667158
SeaShepherds524,0.9978113209135195
SeaShepherds174,0.9990632376364499
SeaShepherds487,0.9999944779864177
SeaShepherds338,0.9484185212308834
SeaShepherds531,0.9999416293789353
SeaShepherds558,0.9999967154958458
SeaShepherds345,0.005294420913087631
SeaShepherds596,0.10412467395669582
SeaShepherds181,0.42192937429801725
SeaShepherds603,0.7465632169969303
SeaShepherds479,0.9992476765040498
SeaShepherds352,0.0046913392468164086
SeaShepherds538,0.9951561272409905
SeaShepherds486,0.9999999986459138
SeaShepherds494,0.9957465987197931
SeaShepherds493,0.19931777815935145
SeaShepherds501,0.016109309027515967
SeaShepherds500,0.9931651480424784
SeaShepherds507,0.9910745007018715
SeaShepherds514,0.999939963262669
SeaShepherds565,0.026841645689014773
SeaShepherds188,0.017815100863996458
SeaShepherds545,0.9990558845133539
SeaShepherds552,0.00622125957940297
SeaShepherds521,0.9913411082718798
SeaShepherds195,0.10730572604629854
SeaShepherds572,0.9973413098626485
SeaShepherds508,0.999999998146355
SeaShepherds359,0.9967970922394415
SeaShepherds366,0.5336721783023709
SeaShepherds528,0.9812703253348065
SeaShepherds559,0.9989874605842938
SeaShepherds579,0.981769735785759
SeaShepherds535,0.8786437336394187
SeaShepherds542,0.9614290146246409
SeaShepherds566,0.9932319764384352
SeaShepherds515,0.9857341482261912
SeaShepherds549,0.46546686080850797
SeaShepherds556,7.73569986846133E-5
SeaShepherds373,0.3449640143660318
SeaShepherds573,0.9994903470163875
SeaShepherds580,0.9999996756716104
SeaShepherds380,0.9999110409929083
SeaShepherds586,0.5938416846867124
SeaShepherds593,0.8406891367544368
SeaShepherds202,0.999998777983447
SeaShepherds600,0.9999994895282672
SeaShepherds387,0.9991442205881406
SeaShepherds563,0.5736905480149745
SeaShepherds522,0.4568896142384472
SeaShepherds587,0.970065876421517
SeaShepherds209,0.9984380635936525
SeaShepherds216,0.002046631189826387
SeaShepherds394,0.9999997874686398
SeaShepherds408,0.564370363571247
SeaShepherds570,0.01006964036866597
SeaShepherds529,0.9998950011292725
SeaShepherds536,0.9982400438360559
SeaShepherds594,0.9999952478785449
SeaShepherds415,0.6412392124329666
SeaShepherds577,0.8552966856059364
SeaShepherds223,0.3542840707794216
SeaShepherds422,0.0047495128459035625
SeaShepherds601,0.015758889323278694
SeaShepherds429,1.8767991153262973E-6
SeaShepherds543,0.9999467535139324
SeaShepherds584,0.8912784215217086
SeaShepherds436,0.1851432042372713
SeaShepherds591,0.9675341724504759
SeaShepherds230,0.9248238310354444
SeaShepherds550,0.26533163323534026
SeaShepherds443,0.9215801762307537
SeaShepherds450,0.9964769775050377
SeaShepherds557,0.7644173111767187
SeaShepherds598,0.8871373798493808
SeaShepherds564,0.1367426352136593
SeaShepherds457,0.9996971408766172
SeaShepherds571,0.9861775077505748
SeaShepherds578,0.9173462739915875
SeaShepherds237,0.9999993581460592
SeaShepherds464,0.5108830882740689
SeaShepherds605,0.9987639265800498
SeaShepherds471,0.9180898494827939
SeaShepherds244,0.013146091616446353
SeaShepherds585,0.8266121873504082
SeaShepherds478,0.9999604799657904
SeaShepherds251,0.9874586401173147
SeaShepherds592,0.785481481864751
SeaShepherds599,0.9889362950323123
SeaShepherds258,0.22372150822997194
SeaShepherds485,0.9847721415956205
SeaShepherds606,0.9820690928520944
SeaShepherds265,0.9234751454651197
SeaShepherds492,0.9966318996296283
SeaShepherds272,0.9399499313285511
SeaShepherds499,0.89823173636879
SeaShepherds279,0.5288279420230609
SeaShepherds506,0.999230681126733
SeaShepherds286,0.7622986602609284
SeaShepherds513,0.9834077597741766
SeaShepherds293,0.9999837854338353
SeaShepherds520,0.9954367992036914
SeaShepherds300,0.07906792769268171
SeaShepherds527,0.9821376366540395
SeaShepherds534,0.027504713299421463
SeaShepherds308,0.9999998365425701
SeaShepherds541,0.9999508366133149
SeaShepherds315,0.004936590826254075
SeaShepherds322,0.9993653813396302
SeaShepherds548,0.6497642859457528
SeaShepherds329,0.3818040629208546
SeaShepherds336,0.4036887450225949
SeaShepherds555,0.9999980478968036
SeaShepherds343,0.9959156523051994
SeaShepherds350,0.9992652141396283
SeaShepherds562,0.9999999603612348
SeaShepherds357,0.992200150352831
SeaShepherds569,0.9580245238003727
SeaShepherds364,0.9245327747066782
SeaShepherds576,0.999999934711012
SeaShepherds371,0.052109128097039346
SeaShepherds583,0.9938788048782683
SeaShepherds590,0.7784432422228488
SeaShepherds378,0.012094078505904805
SeaShepherds597,0.9999999983022223
SeaShepherds604,0.99157119681808
SeaShepherds385,0.9995756567496643
SeaShepherds392,0.9813132498992534
SeaShepherds399,0.12251868845642293
SeaShepherds406,0.19344672281246017
SeaShepherds413,0.16357198917551471
SeaShepherds420,0.005162701371736451
SeaShepherds427,0.7194355000016651
SeaShepherds434,0.9989694835130358
SeaShepherds441,0.9997845445938888
SeaShepherds448,0.19307988227031844
SeaShepherds455,0.05184466129005942
SeaShepherds462,0.9741133367331509
SeaShepherds469,0.99637932957376
SeaShepherds476,0.8952832322780879
SeaShepherds483,0.9999973745224151
SeaShepherds490,0.17888031065894866
SeaShepherds497,0.9962796382155975
SeaShepherds504,0.998649288372261
SeaShepherds511,0.9969107239680509
SeaShepherds518,0.9647469179024822
SeaShepherds525,0.011732371533586453
SeaShepherds532,0.9517073680315491
SeaShepherds539,0.9985744196089994
SeaShepherds546,0.9989339538099176
SeaShepherds553,6.95980490052661E-4
SeaShepherds560,0.9992263868693098
SeaShepherds567,0.9938412850187549
SeaShepherds574,0.9994737268239247
SeaShepherds581,0.03924747243211871
SeaShepherds588,0.9999942670492202
SeaShepherds595,0.42088668962694886
SeaShepherds602,0.8484539461891835
