white-supremacist-100,0.9313867800987726
white-supremacist-107,0.12154729619196371
white-supremacist-102,0.999926398156891
white-supremacist-109,0.9984759226852509
white-supremacist-115,0.3114614245835881
white-supremacist-10,0.8044006175299221
white-supremacist-106,0.8217139530146433
white-supremacist-113,0.9993629068947059
white-supremacist-121,0.105583625971837
white-supremacist-112,0.7047865572906974
white-supremacist-129,0.35356311582692956
white-supremacist-1,0.9381789497595873
white-supremacist-119,0.0688672494909853
white-supremacist-101,0.012641748646988846
white-supremacist-108,0.005434864334481304
white-supremacist-114,0.9473930431447765
white-supremacist-105,0.9980266884103155
white-supremacist-111,0.5521417634439599
white-supremacist-103,0.9999911294030299
white-supremacist-0,0.9999512879834748
white-supremacist-11,0.42334652924410976
white-supremacist-12,0.6245570141487197
white-supremacist-135,0.9999573361946026
white-supremacist-125,0.9820404336288064
white-supremacist-120,0.9997447596982658
white-supremacist-118,0.17239083009434603
white-supremacist-127,0.9795761213706436
white-supremacist-132,0.9999432906347492
white-supremacist-141,0.8542852781998168
white-supremacist-148,0.04819587462774325
white-supremacist-134,5.741516898942183E-4
white-supremacist-139,0.9968212713210953
white-supremacist-140,0.012271685442329585
white-supremacist-147,0.28328568218291855
white-supremacist-154,0.9864497787320986
white-supremacist-104,0.4329703687365656
white-supremacist-160,0.9999968958301135
white-supremacist-126,6.1035154962097E-4
white-supremacist-155,0.026323982537739994
white-supremacist-133,0.9999992069125351
white-supremacist-169,0.05806966621622691
white-supremacist-110,0.005017407458650501
white-supremacist-177,0.9999983894825896
white-supremacist-162,0.9986520375541977
white-supremacist-117,0.2577662516039688
white-supremacist-145,0.45723964465920924
white-supremacist-123,0.9668870474786146
white-supremacist-130,0.04197399143724981
white-supremacist-137,0.9995826851693145
white-supremacist-116,4.8081781486043333E-5
white-supremacist-151,0.9997158878337902
white-supremacist-122,0.08488316431506984
white-supremacist-14,0.9998792996737704
white-supremacist-13,7.675832596371204E-5
white-supremacist-184,0.5501137306552383
white-supremacist-143,0.9990862515885203
white-supremacist-124,0.9525604744355287
white-supremacist-138,0.9719061920522329
white-supremacist-17,0.983566340921943
white-supremacist-136,0.9174318612704973
white-supremacist-144,0.7507315508817911
white-supremacist-159,0.9798429226650454
white-supremacist-150,0.02705521739100934
white-supremacist-15,0.9999999504512407
white-supremacist-158,0.9959349155918726
white-supremacist-142,0.07547628496126287
white-supremacist-157,0.46623207163296265
white-supremacist-165,0.08188597344436253
white-supremacist-173,0.5454534530589461
white-supremacist-180,0.9659432943587689
white-supremacist-164,0.032018652148776805
white-supremacist-166,0.9051638095423424
white-supremacist-174,0.5529367561517718
white-supremacist-178,0.9954806721505349
white-supremacist-171,0.37242721143647234
white-supremacist-197,0.08492195448268704
white-supremacist-204,0.9865412462801632
white-supremacist-146,0.21826824277488796
white-supremacist-149,0.08563526638426038
white-supremacist-181,0.21481766436078334
white-supremacist-190,0.3912150186971497
white-supremacist-187,0.325711072355693
white-supremacist-199,0.2074960039968673
white-supremacist-205,0.6459479003552442
white-supremacist-192,0.015189457591089231
white-supremacist-20,0.018168015934976224
white-supremacist-210,0.9887708270823944
white-supremacist-152,0.27876212800864686
white-supremacist-18,2.8693403512864026E-4
white-supremacist-219,0.37592324767522434
white-supremacist-16,0.8603203769044542
white-supremacist-156,0.9999818488034707
white-supremacist-207,0.09762131236618625
white-supremacist-163,0.7441581301891512
white-supremacist-189,0.4714676061821072
white-supremacist-170,0.6720506184970446
white-supremacist-212,0.10015867724464779
white-supremacist-214,0.17397475349376804
white-supremacist-196,0.8464701762999978
white-supremacist-179,0.07619477345635585
white-supremacist-203,0.040215668050145134
white-supremacist-193,0.9996216840652318
white-supremacist-21,0.3948160302745161
white-supremacist-188,0.3499096011721083
white-supremacist-195,0.08175398452984353
white-supremacist-200,0.03972847240190977
white-supremacist-167,0.8641474183480778
white-supremacist-221,0.13558203228700225
white-supremacist-228,0.014728076876392913
white-supremacist-208,0.9620964554621465
white-supremacist-175,0.9999972142362743
white-supremacist-215,0.18668144963816463
white-supremacist-236,0.004082972164948793
white-supremacist-244,0.9281341396153169
white-supremacist-22,9.151367664934928E-6
white-supremacist-222,0.9996726530995078
white-supremacist-217,0.9999999995601874
white-supremacist-225,0.9999998853579695
white-supremacist-226,0.9918125132173823
white-supremacist-232,0.4458513309459363
white-supremacist-241,0.9586476862063328
white-supremacist-233,0.0049707698802514255
white-supremacist-251,0.508533062404245
white-supremacist-224,0.848508175394702
white-supremacist-229,0.9951767398999887
white-supremacist-238,0.014077279624554021
white-supremacist-242,0.7134261339820767
white-supremacist-260,0.9994170802040622
white-supremacist-245,0.004619652422252614
white-supremacist-255,0.08307394990223899
white-supremacist-261,0.00800582277136469
white-supremacist-182,0.0014065406027824739
white-supremacist-269,0.9891175027870907
white-supremacist-202,0.9999992829101165
white-supremacist-230,2.9552003109416415E-5
white-supremacist-268,0.03455465919793226
white-supremacist-191,0.0011367632399760144
white-supremacist-24,0.002689179944299672
white-supremacist-2,0.043486458550003014
white-supremacist-248,4.059210941425565E-4
white-supremacist-277,8.233840703894566E-4
white-supremacist-257,0.7946191366246107
white-supremacist-263,0.08274703592470384
white-supremacist-283,0.9972308615598041
white-supremacist-270,0.003594435876893441
white-supremacist-206,0.6620060581990025
white-supremacist-25,0.9133793933039613
white-supremacist-213,0.8528581649937372
white-supremacist-279,0.9999999929245416
white-supremacist-285,0.9922436197575846
white-supremacist-220,0.6534763064101115
white-supremacist-209,0.9762126668046734
white-supremacist-227,0.0015442202599096956
white-supremacist-275,0.9999942923323538
white-supremacist-249,0.008941897961933997
white-supremacist-293,0.9997512689601423
white-supremacist-259,0.8568854790534747
white-supremacist-265,0.12191200098150574
white-supremacist-216,0.9412800950908187
white-supremacist-258,0.9217724070460783
white-supremacist-234,0.9447301397750361
white-supremacist-282,0.9020362028796479
white-supremacist-3,0.9999172211983866
white-supremacist-307,0.33740305296190604
white-supremacist-243,0.9907946397728375
white-supremacist-223,0.012073404606038207
white-supremacist-29,0.918637698044267
white-supremacist-316,7.265366186509572E-4
white-supremacist-264,1.822804736456974E-4
white-supremacist-297,0.7972108636614477
white-supremacist-271,0.00762454193195962
white-supremacist-272,0.9999258607608388
white-supremacist-28,0.6377040246732938
white-supremacist-23,0.1657659276451551
white-supremacist-280,0.29907393232590634
white-supremacist-302,0.26024697016668935
white-supremacist-298,0.9917775591106284
white-supremacist-311,0.9357029704447694
white-supremacist-239,0.03449240522598262
white-supremacist-323,0.022933785102804822
white-supremacist-303,0.9937643892854595
white-supremacist-246,0.26337020057930877
white-supremacist-330,0.08567770373084016
white-supremacist-286,0.9035060409415727
white-supremacist-337,0.030926329816761258
white-supremacist-294,0.9093171368889701
white-supremacist-312,0.5199645692164966
white-supremacist-250,0.999993317789795
white-supremacist-320,0.9990813795628971
white-supremacist-328,0.10240900483603295
white-supremacist-344,0.9953698150967842
white-supremacist-288,0.04734224601880773
white-supremacist-30,0.9992064663070791
white-supremacist-26,0.9888203745149682
white-supremacist-351,0.9712958525564982
white-supremacist-256,0.9998065203711041
white-supremacist-266,0.2229391737200088
white-supremacist-358,0.9227033844937046
white-supremacist-341,0.4902905844502839
white-supremacist-349,0.9763788068732187
white-supremacist-273,0.9999454530227531
white-supremacist-365,0.7087160366347145
white-supremacist-262,0.12233414158353066
white-supremacist-355,0.2435129223456584
white-supremacist-281,0.027764999436000956
white-supremacist-371,0.7325831416647045
white-supremacist-289,0.9769695520151255
white-supremacist-308,0.7760498369559092
white-supremacist-361,0.049640639838019814
white-supremacist-369,0.6472216722222777
white-supremacist-379,0.9999999999999996
white-supremacist-385,0.9827149578624612
white-supremacist-318,0.999999413959633
white-supremacist-27,0.9944363603184112
white-supremacist-324,6.05797324306689E-4
white-supremacist-331,0.39790314004846483
white-supremacist-339,0.9992061114670688
white-supremacist-278,0.05890970241677264
white-supremacist-391,0.9989442891679312
white-supremacist-295,4.2576459710630505E-5
white-supremacist-296,0.9999974642371489
white-supremacist-300,0.029287947803390668
white-supremacist-345,0.11337697434845376
white-supremacist-31,0.995587157523737
white-supremacist-398,0.27833754565597796
white-supremacist-376,8.90567660864603E-4
white-supremacist-319,0.7205115661829014
white-supremacist-321,4.0086917783213556E-4
white-supremacist-325,0.39716711657745196
white-supremacist-407,0.9810237952324131
white-supremacist-413,0.025178601037878032
white-supremacist-382,0.1420039126156386
white-supremacist-332,0.11051275660463837
white-supremacist-34,0.989751291007478
white-supremacist-389,0.9999999998394928
white-supremacist-42,0.9998376625708687
white-supremacist-346,0.24145109469707296
white-supremacist-395,0.36023838547246345
white-supremacist-352,0.5781532901310332
white-supremacist-284,0.9813668008043364
white-supremacist-426,0.9636199096838494
white-supremacist-359,0.7809785659605215
white-supremacist-401,0.07279251989437965
white-supremacist-353,0.0220199049169463
white-supremacist-36,0.013542552176320357
white-supremacist-292,0.9999741820137096
white-supremacist-367,0.03681643473633236
white-supremacist-432,0.9989368211202921
white-supremacist-410,0.9897528894527294
white-supremacist-299,0.1748057908216283
white-supremacist-301,0.9968278127457638
white-supremacist-329,0.12058040569852957
white-supremacist-305,0.514504773488981
white-supremacist-374,0.259487312993929
white-supremacist-44,0.12513019078384086
white-supremacist-313,0.8565189484310041
white-supremacist-335,0.4592795541168031
white-supremacist-322,0.49587869376691873
white-supremacist-366,0.9999742582199597
white-supremacist-33,0.9999994801631076
white-supremacist-336,0.1411758325089603
white-supremacist-342,0.13602782661625995
white-supremacist-343,0.13851254941956856
white-supremacist-380,0.9964698030618989
white-supremacist-372,0.558850245028283
white-supremacist-446,0.6794033454877172
white-supremacist-417,0.9999950853821218
white-supremacist-452,0.8996599894407656
white-supremacist-387,0.9999999998243463
white-supremacist-38,0.976848338001465
white-supremacist-35,0.8803710863976584
white-supremacist-386,0.9990137743327112
white-supremacist-356,0.5453174454857878
white-supremacist-423,0.06897376791982683
white-supremacist-392,0.23272409286020854
white-supremacist-393,0.9999749692766657
white-supremacist-459,0.9999986582871311
white-supremacist-43,0.9901674728346556
white-supremacist-436,0.0425380975955756
white-supremacist-350,0.4755035984154783
white-supremacist-357,0.09480976492801642
white-supremacist-465,0.04335531238644499
white-supremacist-40,0.6635214512489294
white-supremacist-471,0.02940525179556358
white-supremacist-409,0.033762339743614915
white-supremacist-364,0.3300832296634109
white-supremacist-4,0.9999881166624757
white-supremacist-408,0.2153625203592097
white-supremacist-414,0.3743099339062693
white-supremacist-48,0.5635139833311272
white-supremacist-443,0.13755798294661706
white-supremacist-45,0.009180371173087265
white-supremacist-420,0.9999083456155206
white-supremacist-310,0.9653892570449224
white-supremacist-427,0.4243470962405594
white-supremacist-456,2.0958566102308223E-4
white-supremacist-433,0.3865523918584686
white-supremacist-440,0.11348467602893254
white-supremacist-462,0.007015081215967329
white-supremacist-415,0.21660164583679847
white-supremacist-469,0.7752936193396038
white-supremacist-447,0.42106807889199976
white-supremacist-476,0.2721060873312982
white-supremacist-421,0.9978631636111468
white-supremacist-428,0.9462097933536918
white-supremacist-434,0.2900144456089563
white-supremacist-362,0.9999720203491563
white-supremacist-453,0.6835935629961698
white-supremacist-46,0.9999824983084467
white-supremacist-32,0.9326563168892912
white-supremacist-37,0.9978236820230032
white-supremacist-327,0.3056075680885411
white-supremacist-333,0.4964468971149924
white-supremacist-484,0.6838062597799544
white-supremacist-340,0.4058158663072047
white-supremacist-466,1.5624806414376683E-5
white-supremacist-490,0.09137183094016872
white-supremacist-370,0.9999904038733567
white-supremacist-472,0.8037799227158272
white-supremacist-347,0.9106948364532252
white-supremacist-487,0.998640141779742
white-supremacist-493,0.40983310230790293
white-supremacist-497,0.9193723174898988
white-supremacist-502,0.9994827292450215
white-supremacist-378,0.9668330611845278
white-supremacist-509,0.3054756975094441
white-supremacist-5,0.9779301902875129
white-supremacist-481,0.09082790251951717
white-supremacist-488,0.6948383460223524
white-supremacist-516,0.04263565365688226
white-supremacist-384,0.05660335096413314
white-supremacist-505,0.009542790560903257
white-supremacist-522,0.15875417686282142
white-supremacist-441,3.1067637794694096E-4
white-supremacist-390,0.7990411143479929
white-supremacist-448,0.9735415948424576
white-supremacist-454,0.03698078148003744
white-supremacist-377,2.7149464606801035E-6
white-supremacist-383,0.1418049321464483
white-supremacist-397,0.001156855481581152
white-supremacist-354,0.8981629185187314
white-supremacist-406,0.018138402964039003
white-supremacist-460,0.06451124235581478
white-supremacist-512,0.8953468038446151
white-supremacist-360,0.9999534234750931
white-supremacist-529,0.9871466811373784
white-supremacist-368,0.098740023820328
white-supremacist-412,0.999999209279719
white-supremacist-519,0.983815046719471
white-supremacist-525,0.9999710238979707
white-supremacist-419,0.027346148608085697
white-supremacist-467,0.007290260140167713
white-supremacist-39,0.0014948394792318445
white-supremacist-494,0.9988357090276725
white-supremacist-535,0.21512978160414814
white-supremacist-531,0.026522422924852056
white-supremacist-375,0.041780594332157486
white-supremacist-538,0.9999993103280538
white-supremacist-544,0.30482580739131615
white-supremacist-425,0.01461274505277592
white-supremacist-550,0.08841795612668463
white-supremacist-482,0.9999999998221658
white-supremacist-396,0.9999987096801959
white-supremacist-431,0.024876424205140298
white-supremacist-557,0.01792528474032768
white-supremacist-439,0.0104118714913871
white-supremacist-50,0.9999200790019045
white-supremacist-563,0.9999215501042454
white-supremacist-381,0.7424102292890985
white-supremacist-394,0.02501434576718146
white-supremacist-489,0.006963456568289909
white-supremacist-400,0.16439392116279247
white-supremacist-57,0.007625645548188095
white-supremacist-495,0.01630755160015927
white-supremacist-404,0.4774240753349619
white-supremacist-500,0.04024983214873776
white-supremacist-41,0.18106750751579037
white-supremacist-445,0.999778275076199
white-supremacist-411,0.16920228147740413
white-supremacist-506,0.9999997494467877
white-supremacist-451,0.9562312843128716
white-supremacist-576,0.9991458624527605
white-supremacist-513,0.006787168916572168
white-supremacist-458,0.00970474200836321
white-supremacist-416,0.9999999893722399
white-supremacist-464,0.9764805246712911
white-supremacist-422,0.8008720143607713
white-supremacist-418,0.5103059735778593
white-supremacist-424,0.0670080524766302
white-supremacist-507,0.9880620785526686
white-supremacist-470,0.8688606141109045
white-supremacist-430,0.916182211173245
white-supremacist-438,0.1924932527778747
white-supremacist-582,0.9999998328125883
white-supremacist-444,0.031899597909906624
white-supremacist-478,0.9999992581706142
white-supremacist-450,0.2613365785496824
white-supremacist-457,0.0027520728458390533
white-supremacist-514,0.6116493393346905
white-supremacist-463,0.054686712457783934
white-supremacist-486,0.47137492675629006
white-supremacist-429,0.9999566470928787
white-supremacist-47,0.5377447134192637
white-supremacist-520,0.9824518865229839
white-supremacist-477,0.9980424017177187
white-supremacist-52,0.7338470448347489
white-supremacist-485,0.3669085892017033
white-supremacist-526,0.9480934179799978
white-supremacist-527,0.996106074636703
white-supremacist-532,0.9859714490396088
white-supremacist-491,0.999975460907194
white-supremacist-539,0.1057693223323763
white-supremacist-589,0.9999999983775008
white-supremacist-545,0.24310033376276685
white-supremacist-533,0.1803078375704377
white-supremacist-54,0.4643720338267754
white-supremacist-492,0.9888597205404879
white-supremacist-546,0.9006476913412771
white-supremacist-498,8.492418452385712E-4
white-supremacist-552,0.0037516716304086483
white-supremacist-548,0.9951070088338257
white-supremacist-499,0.09107248807557161
white-supremacist-551,0.9992754482144391
white-supremacist-435,0.5828091000824165
white-supremacist-442,0.015583012257069984
white-supremacist-503,0.9116802460898153
white-supremacist-51,0.8163899562043305
white-supremacist-595,0.9999925158808841
white-supremacist-449,0.9989033269411222
white-supremacist-554,0.8832146555579748
white-supremacist-558,0.8903418033946885
white-supremacist-455,0.8807113402454251
white-supremacist-560,2.0490506666663047E-5
white-supremacist-461,0.7777769570717128
white-supremacist-504,2.2233464201539552E-4
white-supremacist-517,0.9895879761064506
white-supremacist-567,6.989790547479892E-4
white-supremacist-523,0.016217686588912643
white-supremacist-564,0.9854811550350894
white-supremacist-468,0.1361014652861694
white-supremacist-559,0.0016295787783822569
white-supremacist-565,0.9330739051346968
white-supremacist-511,0.9863284397351793
white-supremacist-475,0.008843079767806962
white-supremacist-53,0.999999998720134
white-supremacist-536,0.03334177611916022
white-supremacist-542,0.9988997536768213
white-supremacist-549,0.0031317689927762133
white-supremacist-518,0.0010897366040159774
white-supremacist-573,0.9918211132608704
white-supremacist-483,0.22760144811043329
white-supremacist-58,0.9989621396007198
white-supremacist-555,0.5875895051476786
white-supremacist-524,0.8708137559646091
white-supremacist-530,0.9938293191199007
white-supremacist-570,0.9999974981278835
white-supremacist-571,0.9999995938319759
white-supremacist-561,0.012296327588014645
white-supremacist-586,0.9999986342834644
white-supremacist-568,0.8307668682861439
white-supremacist-49,0.35988965154286046
white-supremacist-537,0.9999595347938212
white-supremacist-543,0.9964176374984215
white-supremacist-55,0.9883004132195742
white-supremacist-496,0.9967865394944747
white-supremacist-600,0.9988097401236611
white-supremacist-556,0.05397086193728099
white-supremacist-501,0.9994049670452835
white-supremacist-508,0.19163663324241528
white-supremacist-562,0.8455646771892678
white-supremacist-515,0.9728937680928723
white-supremacist-521,0.07172826897403745
white-supremacist-528,0.9993143954172956
white-supremacist-574,0.9999395808243858
white-supremacist-592,2.2775632607573556E-6
white-supremacist-578,0.9999525956335574
white-supremacist-569,0.9991717266959238
white-supremacist-540,0.005617296122024785
white-supremacist-580,0.009274001537119271
white-supremacist-547,0.6313139559014079
white-supremacist-575,0.005609220243584563
white-supremacist-599,0.9999567465433062
white-supremacist-584,0.9999995938170199
white-supremacist-553,0.6715070381159245
white-supremacist-56,0.05802820776860955
white-supremacist-566,0.007064887478463186
white-supremacist-581,0.9908316270377193
white-supremacist-587,0.9999999998366198
white-supremacist-590,0.9999938081216153
white-supremacist-604,0.012466072048032727
white-supremacist-588,0.02080334505931506
white-supremacist-597,7.110923328265028E-4
white-supremacist-577,0.00151635568296679
white-supremacist-593,0.9997018025513003
white-supremacist-6,0.9997402449045361
white-supremacist-572,0.9994311663936778
white-supremacist-583,0.9999994364254706
white-supremacist-59,0.98968158208526
white-supremacist-594,0.9999949391949666
white-supremacist-607,0.9592321069383947
white-supremacist-60,0.03551348037622755
white-supremacist-606,0.9473292102332131
white-supremacist-596,0.6768566468343777
white-supremacist-610,0.00432287257078128
white-supremacist-579,0.3642503737152704
white-supremacist-612,0.1142933414364415
white-supremacist-602,0.0035951040685065854
white-supremacist-63,0.05052640146220657
white-supremacist-7,0.038853936174054464
white-supremacist-605,0.8127882182062302
white-supremacist-76,0.5660085300315368
white-supremacist-82,0.9575837286090837
white-supremacist-89,0.9987735757150257
white-supremacist-585,0.9998738863616823
white-supremacist-613,0.05911248348638311
white-supremacist-95,0.9999086669257317
white-supremacist-64,0.6283063709994202
white-supremacist-601,0.008507266892824415
white-supremacist-70,0.6506477752775504
white-supremacist-77,0.6286339300868353
white-supremacist-609,0.004619347503384923
white-supremacist-591,0.9714275165713431
white-supremacist-83,0.928722154729653
white-supremacist-9,0.04613763786988134
white-supremacist-96,0.028194052407934368
white-supremacist-598,0.999999836368808
white-supremacist-617,0.9999296218888433
white-supremacist-68,0.9969172487533124
white-supremacist-615,1.3111996914500581E-6
white-supremacist-74,0.6505355670091337
white-supremacist-80,0.1832291839480411
white-supremacist-611,0.9999999472737698
white-supremacist-66,0.13777745488406182
white-supremacist-72,0.7162169661836278
white-supremacist-62,0.5308652506986103
white-supremacist-87,0.0297468932107673
white-supremacist-93,0.9883281459082065
white-supremacist-79,0.10904630721826622
white-supremacist-69,0.9999998953279069
white-supremacist-85,0.9899336051052602
white-supremacist-81,0.03910833713140112
white-supremacist-91,0.9992167955790884
white-supremacist-88,0.013953784842610352
white-supremacist-98,0.9988911293784953
white-supremacist-94,0.011246191613034872
white-supremacist-608,0.07714004655218736
white-supremacist-603,0.942423598662679
white-supremacist-61,0.7930807890544203
white-supremacist-614,5.350163033803778E-6
white-supremacist-71,0.9895952802055525
white-supremacist-78,0.9989744898875543
white-supremacist-84,0.5469166639295461
white-supremacist-90,0.9983362431169036
white-supremacist-616,0.9996930059665663
white-supremacist-67,0.9561899638367705
white-supremacist-8,0.006895339651696087
white-supremacist-86,6.66694236605708E-4
white-supremacist-92,0.007065463476459916
