X1,x,y,binary,group
6,-41.77060317993164,-4.262608528137207,0,ACLU
1,-40.07453155517578,-3.2252402305603027,0,ACLU
16,-41.737735748291016,-4.278786659240723,0,ACLU
30,-16.483903884887695,20.804744720458984,0,ACLU
7,-38.33125305175781,-3.151226758956909,0,ACLU
4,-27.87566566467285,24.09622573852539,0,ACLU
17,-16.008947372436523,18.911211013793945,0,ACLU
8,-40.04541015625,-3.207664728164673,0,ACLU
0,-26.870481491088867,23.369630813598633,0,ACLU
2,-42.83443832397461,-9.761259078979492,0,ACLU
43,-14.060604095458984,28.932029724121094,0,AEU
40,-18.517148971557617,18.158933639526367,0,AEU
44,-9.241118431091309,-17.172170639038086,0,AEU
46,-21.12067222595215,20.74025535583496,0,AEU
79,-18.686431884765625,30.128080368041992,1,alqaeda
75,-19.63780975341797,31.70444107055664,1,alqaeda
66,-16.161109924316406,32.9236946105957,1,alqaeda
71,-20.001060485839844,29.750940322875977,1,alqaeda
59,-16.65907859802246,28.80201530456543,1,alqaeda
72,-15.622676849365234,33.856258392333984,1,alqaeda
74,-21.26940155029297,34.797935485839844,1,alqaeda
84,-18.29990005493164,29.568740844726563,1,aqis
88,-19.751678466796875,34.1680793762207,1,aqis
93,-19.876012802124023,32.167152404785156,1,asl
95,-18.628765106201172,32.28359603881836,1,asl
97,-19.162118911743164,33.129981994628906,1,ast
99,-18.122211456298828,34.61279296875,1,ast
158,-12.9581298828125,-11.719195365905762,0,Bahai
105,1.7609484195709229,17.813182830810547,0,Bahai
117,14.731531143188477,11.615396499633789,0,Bahai
157,-12.803990364074707,-11.892807960510254,0,Bahai
173,-14.343411445617676,-15.559392929077148,0,Bahai
120,-10.565164566040039,22.81104278564453,0,Bahai
165,-12.767684936523438,-13.628141403198242,0,Bahai
129,-0.06727993488311768,14.784836769104004,0,Bahai
175,-9.131779670715332,-13.824920654296875,0,Bahai
112,-12.436873435974121,-2.8885600566864014,0,Bahai
132,9.994531631469727,10.321491241455078,0,Bahai
124,11.198953628540039,11.697639465332031,0,Bahai
162,-7.907210826873779,-13.239234924316406,0,Bahai
126,8.529549598693848,11.815629005432129,0,Bahai
149,2.1725192070007324,10.759488105773926,0,Bahai
156,-13.874648094177246,-12.79068660736084,0,Bahai
166,-9.813882827758789,-14.095149993896484,0,Bahai
154,-10.002490997314453,-12.722432136535645,0,Bahai
189,-19.156221389770508,31.49335289001465,1,boko-haram
186,-19.870098114013672,35.01921844482422,1,boko-haram
183,-19.275257110595703,31.079973220825195,1,boko-haram
179,-18.37950897216797,35.764892578125,1,boko-haram
514,34.0732421875,-2.8274760246276855,0,DorothyDay
919,17.91550636291504,-21.654836654663086,0,DorothyDay
899,5.031719207763672,-30.23544692993164,0,DorothyDay
915,14.068279266357422,-7.847743034362793,0,DorothyDay
578,2.005185604095459,-34.23710632324219,0,DorothyDay
768,24.730363845825195,-0.3198660910129547,0,DorothyDay
544,13.944402694702148,0.9786422252655029,0,DorothyDay
619,15.967937469482422,-20.333513259887695,0,DorothyDay
733,4.875517845153809,-17.529356002807617,0,DorothyDay
545,-34.623260498046875,6.637200832366943,0,DorothyDay
647,13.163849830627441,-25.164833068847656,0,DorothyDay
781,8.620640754699707,7.278334140777588,0,DorothyDay
767,13.612032890319824,-30.052936553955078,0,DorothyDay
530,22.137088775634766,-21.817228317260742,0,DorothyDay
484,15.418023109436035,-41.206180572509766,0,DorothyDay
906,-2.091067314147949,-0.5402815937995911,0,DorothyDay
714,25.320749282836914,-26.020902633666992,0,DorothyDay
316,7.5982232093811035,-22.993017196655273,0,DorothyDay
447,17.97746467590332,-3.6871109008789062,0,DorothyDay
929,-11.240771293640137,21.074914932250977,0,DorothyDay
549,-2.0357396602630615,9.62336254119873,0,DorothyDay
218,-5.364441394805908,-29.749237060546875,0,DorothyDay
569,12.672990798950195,-38.00038146972656,0,DorothyDay
579,6.755285739898682,-36.11699295043945,0,DorothyDay
478,-2.4636662006378174,-32.704383850097656,0,DorothyDay
249,1.7422699928283691,-11.65459156036377,0,DorothyDay
465,-10.718888282775879,17.102584838867188,0,DorothyDay
894,1.7602046728134155,-26.656503677368164,0,DorothyDay
445,-1.6491740942001343,-9.57904052734375,0,DorothyDay
596,-29.13595962524414,1.1338324546813965,0,DorothyDay
338,12.79848575592041,-36.726829528808594,0,DorothyDay
468,19.146512985229492,-23.094736099243164,0,DorothyDay
286,13.310677528381348,-13.721540451049805,0,DorothyDay
558,-21.29705047607422,-40.53727340698242,0,DorothyDay
529,34.047000885009766,-2.8183414936065674,0,DorothyDay
582,32.25320816040039,2.791200637817383,0,DorothyDay
459,10.638763427734375,-31.648296356201172,0,DorothyDay
293,-30.539644241333008,-4.377641677856445,0,DorothyDay
367,-5.289552211761475,-38.02010726928711,0,DorothyDay
636,7.299165725708008,-32.198760986328125,0,DorothyDay
408,19.829240798950195,-20.370302200317383,0,DorothyDay
313,0.2119637280702591,-11.606157302856445,0,DorothyDay
864,33.98691177368164,16.54395294189453,0,DorothyDay
479,13.34315013885498,-44.10152816772461,0,DorothyDay
502,8.603479385375977,-29.61829948425293,0,DorothyDay
246,9.24639892578125,-37.798057556152344,0,DorothyDay
456,0.011141307651996613,-13.6692533493042,0,DorothyDay
752,-1.4905498027801514,-43.612239837646484,0,DorothyDay
258,-5.087996006011963,-33.05644989013672,0,DorothyDay
667,19.945072174072266,-30.259082794189453,0,DorothyDay
832,-2.0327987670898437,-40.282310485839844,0,DorothyDay
224,3.9340574741363525,-30.605369567871094,0,DorothyDay
312,10.967395782470703,-39.93019485473633,0,DorothyDay
868,0.3432352840900421,-32.3944091796875,0,DorothyDay
386,3.7439098358154297,-39.928436279296875,0,DorothyDay
801,1.8205187320709229,-34.06509780883789,0,DorothyDay
760,-1.9561525583267212,-42.942901611328125,0,DorothyDay
748,-28.005544662475586,-8.4571533203125,0,DorothyDay
695,3.8535189628601074,8.814701080322266,0,DorothyDay
261,19.16901969909668,-45.903411865234375,0,DorothyDay
834,-35.56706237792969,-14.387845993041992,0,DorothyDay
641,4.994412899017334,-33.025691986083984,0,DorothyDay
555,-4.471274375915527,9.306768417358398,0,DorothyDay
376,0.6964494585990906,-20.401208877563477,0,DorothyDay
406,15.879154205322266,-22.38092803955078,0,DorothyDay
642,-0.4388902187347412,7.34726095199585,0,DorothyDay
257,-5.426345348358154,-40.643455505371094,0,DorothyDay
453,1.5319132804870605,0.1348300725221634,0,DorothyDay
481,11.073381423950195,-43.948699951171875,0,DorothyDay
608,2.627643346786499,-33.21116256713867,0,DorothyDay
681,17.18385887145996,-9.238001823425293,0,DorothyDay
385,22.970754623413086,-4.042355060577393,0,DorothyDay
702,24.438018798828125,-27.783287048339844,0,DorothyDay
588,13.583285331726074,-38.84782409667969,0,DorothyDay
274,4.868732452392578,-42.13325500488281,0,DorothyDay
858,2.8936052322387695,-17.119121551513672,0,DorothyDay
895,-1.705053448677063,-40.49104309082031,0,DorothyDay
238,6.77677059173584,-25.022258758544922,0,DorothyDay
248,12.573047637939453,-23.022111892700195,0,DorothyDay
789,17.08005142211914,-36.68670654296875,0,DorothyDay
728,0.9219085574150085,-15.535002708435059,0,DorothyDay
521,20.374866485595703,-41.72077560424805,0,DorothyDay
432,11.026105880737305,-37.63407897949219,0,DorothyDay
875,-3.752089262008667,-37.275978088378906,0,DorothyDay
766,-21.722637176513672,-4.042320728302002,0,DorothyDay
923,33.81514358520508,5.494406223297119,0,DorothyDay
581,4.769199371337891,-37.252803802490234,0,DorothyDay
844,2.380535125732422,-32.97785568237305,0,DorothyDay
827,-9.2397613525390625,16.14582061767578,0,DorothyDay
682,-6.985355377197266,2.932889461517334,0,DorothyDay
561,-28.13438606262207,-14.13904094696045,0,DorothyDay
232,4.881815433502197,-41.66029357910156,0,DorothyDay
759,-1.8558963537216187,-5.749885559082031,0,DorothyDay
650,16.845104217529297,8.22153091430664,0,DorothyDay
365,12.252936363220215,-38.53721237182617,0,DorothyDay
348,-37.88801574707031,-13.480209350585938,0,DorothyDay
439,10.079233169555664,-27.413314819335938,0,DorothyDay
388,9.296907424926758,-39.13862228393555,0,DorothyDay
734,16.253206253051758,-37.53563690185547,0,DorothyDay
253,19.18888282775879,-45.863643646240234,0,DorothyDay
652,11.679739952087402,-44.49577713012695,0,DorothyDay
808,6.321630954742432,30.593080520629883,0,DorothyDay
391,-21.58677864074707,-3.017214775085449,0,DorothyDay
586,0.935551643371582,-14.36436939239502,0,DorothyDay
523,7.738803386688232,3.0746397972106934,0,DorothyDay
585,9.69727611541748,-30.941802978515625,0,DorothyDay
237,15.348082542419434,-33.50027847290039,0,DorothyDay
335,21.15652847290039,4.665746212005615,0,DorothyDay
269,-0.8290901780128479,-22.38065528869629,0,DorothyDay
696,23.502382278442383,-27.011032104492188,0,DorothyDay
259,-5.565556526184082,-40.52701950073242,0,DorothyDay
559,3.0040457248687744,-30.084070205688477,0,DorothyDay
749,5.958860874176025,-30.15907096862793,0,DorothyDay
852,-35.90751647949219,-15.397286415100098,0,DorothyDay
323,15.194901466369629,-10.19551944732666,0,DorothyDay
914,-25.535789489746094,-6.0601959228515625,0,DorothyDay
216,1.469273328781128,-46.821929931640625,0,DorothyDay
626,5.722381591796875,-28.562578201293945,0,DorothyDay
201,-22.126359939575195,19.31195831298828,0,DorothyDay
557,17.128353118896484,-12.37100601196289,0,DorothyDay
520,19.47285270690918,-41.17115783691406,0,DorothyDay
428,3.253697156906128,-21.089988708496094,0,DorothyDay
337,3.8505053520202637,-24.319904327392578,0,DorothyDay
604,33.969932556152344,7.733321666717529,0,DorothyDay
319,-35.80495071411133,-14.700563430786133,0,DorothyDay
384,-8.695989608764648,-44.529579162597656,0,DorothyDay
240,-34.14652633666992,-2.9138095378875732,0,DorothyDay
928,-30.607933044433594,2.254892110824585,0,DorothyDay
234,13.515166282653809,-12.816411018371582,0,DorothyDay
554,13.843942642211914,-19.434682846069336,0,DorothyDay
736,0.931105375289917,-15.563800811767578,0,DorothyDay
962,-7.755474090576172,12.840953826904297,0,DorothyDay
402,-2.803450584411621,15.145355224609375,0,DorothyDay
291,-6.791814804077148,-40.86408996582031,0,DorothyDay
244,10.787664413452148,-8.198795318603516,0,DorothyDay
706,-46.03254318237305,20.6622257232666,0,DorothyDay
725,14.207633972167969,-4.557255744934082,0,DorothyDay
726,5.404642105102539,-26.44981575012207,0,DorothyDay
602,19.325132369995117,-6.382265567779541,0,DorothyDay
449,6.511359691619873,-40.574405670166016,0,DorothyDay
655,-4.211368083953857,0.7792458534240723,0,DorothyDay
497,23.26956558227539,-30.008066177368164,0,DorothyDay
616,14.165653228759766,-37.846893310546875,0,DorothyDay
260,14.16759204864502,-41.328125,0,DorothyDay
212,1.5387955904006958,-46.99729919433594,0,DorothyDay
418,12.17835807800293,-25.107074737548828,0,DorothyDay
624,25.550832748413086,-30.530778884887695,0,DorothyDay
395,10.146890640258789,-29.0910701751709,0,DorothyDay
490,-4.639694690704346,-43.79241180419922,0,DorothyDay
819,4.828932285308838,-24.897720336914062,0,DorothyDay
751,19.170085906982422,-9.730644226074219,0,DorothyDay
369,18.101394653320313,-31.347030639648438,0,DorothyDay
325,12.491442680358887,-6.341909408569336,0,DorothyDay
843,25.628347396850586,-0.9019195437431335,0,DorothyDay
270,4.587392330169678,-13.732368469238281,0,DorothyDay
930,16.75282096862793,-24.241985321044922,0,DorothyDay
611,16.74192237854004,3.349055528640747,0,DorothyDay
717,7.581848621368408,5.908100128173828,0,DorothyDay
198,-22.8035945892334,34.615020751953125,0,DorothyDay
704,18.408552169799805,-2.6620121002197266,0,DorothyDay
532,-30.609512329101563,-9.921041488647461,0,DorothyDay
442,25.99675941467285,-6.748219966888428,0,DorothyDay
433,-20.70648193359375,0.24278806149959564,0,DorothyDay
688,17.175418853759766,-2.433168649673462,0,DorothyDay
594,6.645683765411377,-37.12760925292969,0,DorothyDay
295,11.434467315673828,-33.14007568359375,0,DorothyDay
967,-16.786174774169922,28.77024269104004,0,DorothyDay
835,14.293816566467285,-5.923853397369385,0,DorothyDay
416,17.46771812438965,-10.250724792480469,0,DorothyDay
799,4.3185715675354,-26.269567489624023,0,DorothyDay
703,-25.869611740112305,-4.185705184936523,0,DorothyDay
709,14.85982608795166,-38.56992721557617,0,DorothyDay
805,19.936628341674805,2.4672443866729736,0,DorothyDay
876,-31.91058349609375,-4.752913951873779,0,DorothyDay
869,19.880712509155273,-6.133203983306885,0,DorothyDay
377,3.946895122528076,-27.403043746948242,0,DorothyDay
804,-0.5544481873512268,-13.209734916687012,0,DorothyDay
828,-3.7390663623809814,-8.37053108215332,0,DorothyDay
517,17.265047073364258,-31.362377166748047,0,DorothyDay
540,-2.618685722351074,-6.369828701019287,0,DorothyDay
621,4.977728366851807,-26.54715347290039,0,DorothyDay
917,-2.3223867416381836,-15.44002914428711,0,DorothyDay
679,3.401918411254883,-21.036706924438477,0,DorothyDay
441,28.24721908569336,1.7033846378326416,0,DorothyDay
866,29.873716354370117,0.8236208558082581,0,DorothyDay
387,16.27318572998047,-31.97148895263672,0,DorothyDay
965,-8.355631828308105,13.665946960449219,0,DorothyDay
539,15.006197929382324,-31.878507614135742,0,DorothyDay
499,14.537162780761719,-36.82215118408203,0,DorothyDay
831,-35.734886169433594,7.760916233062744,0,DorothyDay
716,-0.4589356482028961,-26.504182815551758,0,DorothyDay
519,14.276660919189453,7.2977800369262695,0,DorothyDay
422,0.943858802318573,-27.40859031677246,0,DorothyDay
298,4.577564239501953,-13.738181114196777,0,DorothyDay
971,-14.537135124206543,53.27532196044922,0,Ghandi
980,-14.088484764099121,52.257598876953125,0,Ghandi
974,-14.235153198242188,52.56099319458008,0,Ghandi
986,4.870524883270264,34.11713409423828,0,hamza-yusuf
983,10.627403259277344,56.44017791748047,0,hamza-yusuf
1040,-24.463850021362305,10.508391380310059,1,ISIS
1006,-10.275308609008789,47.71482467651367,1,ISIS
1019,-1.4329525232315063,22.27716064453125,1,ISIS
1052,-8.304509162902832,48.16481018066406,1,ISIS
1041,-37.241573333740234,16.4117488861084,1,ISIS
1003,-19.21501922607422,33.9561653137207,1,ISIS
1033,-11.131475448608398,47.595680236816406,1,ISIS
1004,-15.463618278503418,27.374982833862305,1,ISIS
1014,-25.174287796020508,10.062261581420898,1,ISIS
1034,-9.581954002380371,49.13142776489258,1,ISIS
1000,-17.46286392211914,33.41698455810547,1,ISIS
992,-8.979872703552246,43.27500915527344,1,ISIS
996,-13.725244522094727,22.80958366394043,1,ISIS
1017,-10.23000717163086,43.45056915283203,1,ISIS
1044,-9.114472389221191,47.4134407043457,1,ISIS
1029,-7.948453903198242,48.110042572021484,1,ISIS
1453,-3.6555676460266113,9.489063262939453,0,JohnPiper
1582,23.45224380493164,-0.7667965888977051,0,JohnPiper
1058,48.15685272216797,-21.20577621459961,0,JohnPiper
1057,48.228126525878906,-21.02528953552246,0,JohnPiper
1332,-1.2978076934814453,-34.547367095947266,0,JohnPiper
1081,28.94585609436035,20.744365692138672,0,JohnPiper
1403,31.594486236572266,-7.919017314910889,0,JohnPiper
1529,20.2424259185791,7.562885284423828,0,JohnPiper
1282,36.153377532958984,29.138290405273438,0,JohnPiper
1182,27.344863891601563,-1.7360892295837402,0,JohnPiper
1596,-11.728402137756348,6.762906551361084,0,JohnPiper
1075,37.21027374267578,6.80380392074585,0,JohnPiper
1320,11.039219856262207,-3.02335524559021,0,JohnPiper
1230,1.1119272708892822,-8.524863243103027,0,JohnPiper
1417,-5.154108047485352,-10.978083610534668,0,JohnPiper
1369,39.6193733215332,-23.575054168701172,0,JohnPiper
1166,26.648427963256836,2.076026439666748,0,JohnPiper
1219,30.86055564880371,29.83036231994629,0,JohnPiper
1214,-35.763275146484375,-7.648695468902588,0,JohnPiper
1627,36.428436279296875,30.083703994750977,0,JohnPiper
1296,21.34797477722168,-17.878536224365234,0,JohnPiper
1225,29.273609161376953,-9.341090202331543,0,JohnPiper
1476,24.047317504882813,5.157189846038818,0,JohnPiper
1615,8.78354549407959,-3.7781972885131836,0,JohnPiper
1299,-2.583651542663574,-14.407248497009277,0,JohnPiper
1151,31.269412994384766,6.351635456085205,0,JohnPiper
1339,38.38064193725586,16.436466217041016,0,JohnPiper
1149,19.539005279541016,-2.9120583534240723,0,JohnPiper
1152,31.06703758239746,6.002702713012695,0,JohnPiper
1292,21.221189498901367,-4.957380294799805,0,JohnPiper
1566,16.158666610717773,24.50341796875,0,JohnPiper
1104,35.98558044433594,9.81462287902832,0,JohnPiper
1326,-19.716203689575195,2.9239392280578613,0,JohnPiper
1252,21.659151077270508,17.638046264648437,0,JohnPiper
1441,38.92106628417969,-0.5372287631034851,0,JohnPiper
1589,-23.52748680114746,-21.299358367919922,0,JohnPiper
1226,-4.958800315856934,40.6351432800293,0,JohnPiper
1241,7.572494029998779,-16.92056655883789,0,JohnPiper
1516,4.858857154846191,-14.805644989013672,0,JohnPiper
1276,22.233121871948242,12.217684745788574,0,JohnPiper
1284,16.548410415649414,-32.2212028503418,0,JohnPiper
1329,21.749807357788086,11.760293006896973,0,JohnPiper
1383,-17.354740142822266,10.86816692352295,0,JohnPiper
1251,0.6743823289871216,-5.778421878814697,0,JohnPiper
1578,18.83541488647461,-27.79909896850586,0,JohnPiper
1289,19.301860809326172,-7.915172576904297,0,JohnPiper
1095,16.156288146972656,13.410650253295898,0,JohnPiper
1257,25.002134323120117,-2.391835927963257,0,JohnPiper
1094,-3.3583121299743652,-12.370975494384766,0,JohnPiper
1538,13.733708381652832,2.034996747970581,0,JohnPiper
1346,26.00166893005371,5.147036075592041,0,JohnPiper
1218,-2.5187525749206543,-2.1019444465637207,0,JohnPiper
1544,40.66597366333008,13.444937705993652,0,JohnPiper
1221,28.550678253173828,4.9695000648498535,0,JohnPiper
1521,4.947818279266357,1.306932806968689,0,JohnPiper
1206,13.47067928314209,-5.643614292144775,0,JohnPiper
1102,40.10503005981445,0.9957662224769592,0,JohnPiper
1245,20.998394012451172,-4.835723400115967,0,JohnPiper
1470,19.759384155273438,20.23525619506836,0,JohnPiper
1270,45.377140045166016,-23.422996520996094,0,JohnPiper
1380,-6.255131244659424,-34.99901580810547,0,JohnPiper
1427,9.653953552246094,-13.494121551513672,0,JohnPiper
1526,11.775431632995605,12.694000244140625,0,JohnPiper
1222,37.724891662597656,27.357738494873047,0,JohnPiper
1217,30.78512954711914,11.090414047241211,0,JohnPiper
1260,21.72055435180664,-8.684124946594238,0,JohnPiper
1622,39.66387176513672,9.18726921081543,0,JohnPiper
1212,-6.030590057373047,-18.743682861328125,0,JohnPiper
1295,0.11852976679801941,-32.34615707397461,0,JohnPiper
1572,-2.035780191421509,9.69665813446045,0,JohnPiper
1385,-27.368314743041992,-2.1750717163085937,0,JohnPiper
1321,10.900687217712402,-2.196652889251709,0,JohnPiper
1208,42.86947250366211,1.3117904663085937,0,JohnPiper
1515,23.056640625,0.4023386240005493,0,JohnPiper
1630,-27.37337875366211,6.0022358894348145,0,JohnPiper
1347,39.70112228393555,-8.296195030212402,0,JohnPiper
1357,-29.105091094970703,6.868729591369629,0,JohnPiper
1179,36.108089447021484,-14.723413467407227,0,JohnPiper
1404,-7.248069763183594,35.29700469970703,0,JohnPiper
1551,9.312823295593262,-7.146052360534668,0,JohnPiper
1587,-23.064472198486328,-15.244023323059082,0,JohnPiper
1063,38.90855407714844,-7.676637649536133,0,JohnPiper
1316,23.905147552490234,13.836893081665039,0,JohnPiper
1228,19.458663940429688,14.3434476852417,0,JohnPiper
1072,41.106510162353516,30.08043098449707,0,JohnPiper
1135,37.48551940917969,0.9753925800323486,0,JohnPiper
1618,15.210527420043945,-10.368349075317383,0,JohnPiper
1519,18.640764236450195,-0.14512427151203156,0,JohnPiper
1130,10.598320960998535,-18.10896873474121,0,JohnPiper
1422,9.409074783325195,-7.15590763092041,0,JohnPiper
1184,-15.374332427978516,-12.616875648498535,0,JohnPiper
1392,23.233884811401367,34.847347259521484,0,JohnPiper
1486,8.828298568725586,-10.811360359191895,0,JohnPiper
1594,17.374366760253906,7.382025241851807,0,JohnPiper
1107,38.179203033447266,2.82216477394104,0,JohnPiper
1497,21.082427978515625,-10.281603813171387,0,JohnPiper
1350,-37.216339111328125,22.94823455810547,0,JohnPiper
1067,42.38152313232422,-1.2683296203613281,0,JohnPiper
1337,17.100921630859375,21.958627700805664,0,JohnPiper
1576,40.62198257446289,-5.701382637023926,0,JohnPiper
1197,27.291805267333984,-8.936653137207031,0,JohnPiper
1376,-28.139690399169922,4.327470302581787,0,JohnPiper
1307,46.01554870605469,-23.33348274230957,0,JohnPiper
1487,2.27506160736084,-4.820681571960449,0,JohnPiper
1185,18.408113479614258,4.492283821105957,0,JohnPiper
1620,8.819372177124023,-3.6068851947784424,0,JohnPiper
1227,34.37062072753906,-0.7928017377853394,0,JohnPiper
1468,18.37681007385254,0.5886180400848389,0,JohnPiper
1522,15.68869686126709,12.155360221862793,0,JohnPiper
1165,42.73023223876953,6.332659721374512,0,JohnPiper
1274,-27.271785736083984,-22.83074378967285,0,JohnPiper
1340,24.099302291870117,20.205867767333984,0,JohnPiper
1563,14.976310729980469,-3.5045766830444336,0,JohnPiper
1313,25.038558959960938,-11.684711456298828,0,JohnPiper
1382,13.868062973022461,12.046981811523437,0,JohnPiper
1611,35.242435455322266,-21.637554168701172,0,JohnPiper
1377,40.00786209106445,-12.050413131713867,0,JohnPiper
1438,31.745861053466797,-7.747447967529297,0,JohnPiper
1535,40.6473388671875,13.386557579040527,0,JohnPiper
1065,7.616964817047119,-17.59154510498047,0,JohnPiper
1433,27.8306827545166,-35.478267669677734,0,JohnPiper
1205,46.75770950317383,-14.732131958007813,0,JohnPiper
1110,21.775022506713867,15.485063552856445,0,JohnPiper
1444,21.7330265045166,-13.482826232910156,0,JohnPiper
1250,0.7769604921340942,-6.1048502922058105,0,JohnPiper
1294,8.377161026000977,27.65704917907715,0,JohnPiper
1448,42.689849853515625,18.353967666625977,0,JohnPiper
1290,21.58191680908203,-11.898056983947754,0,JohnPiper
1499,17.161273956298828,-7.703092575073242,0,JohnPiper
1459,38.567962646484375,-24.337976455688477,0,JohnPiper
1456,-6.29131555557251,9.282657623291016,0,JohnPiper
1413,7.159589767456055,2.7842040061950684,0,JohnPiper
1133,-10.79715347290039,-18.0733585357666,0,JohnPiper
1465,11.627669334411621,-7.22932243347168,0,JohnPiper
1215,16.452125549316406,13.228055953979492,0,JohnPiper
1386,26.765417098999023,15.754287719726563,0,JohnPiper
1581,19.730499267578125,6.521332740783691,0,JohnPiper
1234,25.666109085083008,3.4697868824005127,0,JohnPiper
1193,12.213738441467285,20.650100708007813,0,JohnPiper
1082,24.754610061645508,-23.501588821411133,0,JohnPiper
1348,15.180014610290527,-12.283968925476074,0,JohnPiper
1108,36.62225341796875,4.427736282348633,0,JohnPiper
1569,11.46745491027832,4.968697547912598,0,JohnPiper
1626,17.613849639892578,26.161962509155273,0,JohnPiper
1071,36.17597961425781,5.565392971038818,0,JohnPiper
1660,31.54971694946289,7.36924409866333,1,KKK
1680,-34.133182525634766,15.295258522033691,1,KKK
1638,11.40710735321045,37.982994079589844,1,KKK
1671,-14.584851264953613,18.182846069335938,1,KKK
1664,2.614197015762329,23.93874740600586,1,KKK
1702,-23.679418563842773,5.6373820304870605,1,KKK
1650,-40.28376770019531,-15.302084922790527,1,KKK
1720,-11.0155611038208,2.536977767944336,1,KKK
1707,-36.57237243652344,9.5446014404296875,1,KKK
1714,-6.700904369354248,4.082735061645508,1,KKK
1693,-21.51518440246582,35.97187042236328,1,KKK
1653,30.276691436767578,39.881141662597656,1,KKK
1656,-47.68088150024414,9.321898460388184,1,KKK
1668,-31.36815071105957,-15.438069343566895,1,KKK
1640,-25.13173484802246,11.599591255187988,1,KKK
1709,-21.895456314086914,6.174993991851807,1,KKK
1698,-12.835517883300781,23.254823684692383,1,KKK
1673,-17.00135612487793,27.159948348999023,1,KKK
1725,-28.94025421142578,-22.689878463745117,1,KKK
1654,7.111207485198975,35.17115783691406,1,KKK
1674,-21.745288848876953,11.225484848022461,1,KKK
1639,-18.668302536010742,10.638558387756348,1,KKK
1636,11.09241008758545,38.13029861450195,1,KKK
1846,-7.599026679992676,-13.952249526977539,0,LiberalJudaism
1852,2.2931606769561768,25.662405014038086,0,LiberalJudaism
1726,-9.316906929016113,41.473777770996094,0,LiberalJudaism
1783,-38.31365203857422,14.615269660949707,0,LiberalJudaism
1849,-1.0045604705810547,13.528532028198242,0,LiberalJudaism
1847,22.095504760742188,-14.799945831298828,0,LiberalJudaism
1838,-17.273683547973633,-7.493309020996094,0,LiberalJudaism
1817,-34.635459899902344,18.20585823059082,0,LiberalJudaism
1757,3.311811685562134,10.981657028198242,0,LiberalJudaism
1771,-5.356247425079346,33.361995697021484,0,LiberalJudaism
1759,20.207124710083008,-17.34724235534668,0,LiberalJudaism
1737,-13.97413444519043,-9.45463752746582,0,LiberalJudaism
1861,-11.73967456817627,-8.921442031860352,0,LiberalJudaism
1777,-16.03194236755371,-11.596413612365723,0,LiberalJudaism
1848,10.16776180267334,0.7147943377494812,0,LiberalJudaism
1832,-8.528334617614746,-9.793254852294922,0,LiberalJudaism
1797,1.2587521076202393,7.957027435302734,0,LiberalJudaism
1741,14.880265235900879,-20.82646369934082,0,LiberalJudaism
1884,-29.622840881347656,-4.867143154144287,0,LiberalJudaism
1743,-10.889850616455078,7.905558109283447,0,LiberalJudaism
1873,-39.89614486694336,14.15479850769043,0,LiberalJudaism
1792,16.595800399780273,-2.632469892501831,0,LiberalJudaism
1812,5.377926349639893,3.3235023021698,0,LiberalJudaism
1840,-1.1781929731369019,1.3407386541366577,0,LiberalJudaism
1865,23.613962173461914,-17.383140563964844,0,LiberalJudaism
1888,11.35820198059082,28.737640380859375,0,LiberalJudaism
1857,-11.793085098266602,-4.321108818054199,0,LiberalJudaism
1860,11.705071449279785,-11.029841423034668,0,LiberalJudaism
1749,3.5862205028533936,11.544617652893066,0,LiberalJudaism
1796,-4.965651512145996,3.7148890495300293,0,LiberalJudaism
1733,-24.766075134277344,24.889305114746094,0,LiberalJudaism
1822,26.1234188079834,0.925855278968811,0,LiberalJudaism
1827,-15.209153175354004,-1.4782658815383911,0,LiberalJudaism
1752,5.299654006958008,3.6378071308135986,0,LiberalJudaism
1806,-14.461241722106934,-9.016650199890137,0,LiberalJudaism
1730,-11.948992729187012,-2.567060708999634,0,LiberalJudaism
1766,3.949244499206543,-5.868548393249512,0,LiberalJudaism
1878,-41.278785705566406,22.339616775512695,0,LiberalJudaism
1767,-9.039085388183594,-9.291068077087402,0,LiberalJudaism
1775,-12.48482608795166,10.685251235961914,0,LiberalJudaism
1745,-10.438218116760254,8.97735595703125,0,LiberalJudaism
1782,5.627356052398682,-0.3169328272342682,0,LiberalJudaism
1897,-55.73832321166992,-21.27680206298828,0,MalcolmX
1898,-55.846981048583984,-21.510251998901367,0,MalcolmX
1905,-54.7182731628418,-21.04190444946289,0,MalcolmX
1895,-55.51336669921875,-21.60718536376953,0,MalcolmX
2005,4.412027359008789,31.839786529541016,0,MehrBaba
1965,-5.349712371826172,16.0231990814209,0,MehrBaba
2125,46.66933822631836,-3.4629151821136475,0,MehrBaba
2021,-6.91758394241333,-14.383397102355957,0,MehrBaba
1920,4.585463047027588,25.286298751831055,0,MehrBaba
2111,46.934608459472656,-3.6805214881896973,0,MehrBaba
1915,-12.468481063842773,-19.454349517822266,0,MehrBaba
2171,26.083274841308594,-40.07426834106445,0,MehrBaba
2026,4.220873832702637,21.874351501464844,0,MehrBaba
2109,5.981106281280518,12.607877731323242,0,MehrBaba
2020,-15.892972946166992,-41.48099136352539,0,MehrBaba
2106,25.69251251220703,-30.79588508605957,0,MehrBaba
1949,-7.832141876220703,-20.111024856567383,0,MehrBaba
2079,5.5234785079956055,28.099533081054688,0,MehrBaba
2001,29.37084197998047,-15.300383567810059,0,MehrBaba
2140,33.10502624511719,-14.578595161437988,0,MehrBaba
2007,-21.30103874206543,-14.259620666503906,0,MehrBaba
1987,6.330710411071777,12.114139556884766,0,MehrBaba
1948,-13.410299301147461,-21.464527130126953,0,MehrBaba
1983,5.162045955657959,24.09413719177246,0,MehrBaba
2030,22.975872039794922,-15.069571495056152,0,MehrBaba
2088,46.6580696105957,-3.2268004417419434,0,MehrBaba
1959,-16.92029571533203,-41.125816345214844,0,MehrBaba
2009,5.401700019836426,26.99456024169922,0,MehrBaba
2051,-6.593800067901611,18.662494659423828,0,MehrBaba
1950,-13.094574928283691,-22.888208389282227,0,MehrBaba
1967,-7.666598320007324,24.527616500854492,0,MehrBaba
2055,-22.21021270751953,-15.56338119506836,0,MehrBaba
2045,-14.637593269348145,-19.903974533081055,0,MehrBaba
1909,0.7895945906639099,20.897581100463867,0,MehrBaba
1956,4.583927631378174,12.146384239196777,0,MehrBaba
1962,-8.518388748168945,19.719532012939453,0,MehrBaba
2012,-7.357875347137451,17.419843673706055,0,MehrBaba
1977,27.55293846130371,-16.547649383544922,0,MehrBaba
2093,-12.348169326782227,-20.303173065185547,0,MehrBaba
2043,5.96413516998291,22.612930297851562,0,MehrBaba
1932,0.41933542490005493,23.44590187072754,0,MehrBaba
2146,-18.36313819885254,17.129981994628906,0,MehrBaba
2118,-6.2365570068359375,-18.663728713989258,0,MehrBaba
2054,15.71412181854248,5.595500946044922,0,MehrBaba
1979,1.9839049577713013,2.0595953464508057,0,MehrBaba
1954,3.558152675628662,20.954219818115234,0,MehrBaba
1926,4.099260330200195,30.950057983398438,0,MehrBaba
1930,0.48619163036346436,21.495132446289063,0,MehrBaba
1928,-8.10861587524414,-20.47898292541504,0,MehrBaba
2137,-0.050465717911720276,23.336071014404297,0,MehrBaba
2135,-20.21855354309082,-40.40715789794922,0,MehrBaba
1943,-19.10872459411621,-39.47747802734375,0,MehrBaba
2044,-7.640966892242432,-11.908148765563965,0,MehrBaba
1990,-6.306501865386963,11.119848251342773,0,MehrBaba
2022,-8.604602813720703,-19.47344970703125,0,MehrBaba
1911,0.8214981555938721,20.76059913635254,0,MehrBaba
2127,-15.32083797454834,-40.79436492919922,0,MehrBaba
2095,46.17913818359375,-3.4226937294006348,0,MehrBaba
2033,-7.595376014709473,10.852585792541504,0,MehrBaba
1986,-7.994349479675293,19.526748657226562,0,MehrBaba
1988,-11.022804260253906,-18.67445182800293,0,MehrBaba
2159,-9.077889442443848,19.906171798706055,0,MehrBaba
2104,-13.918856620788574,-17.079912185668945,0,MehrBaba
1985,-13.968209266662598,-39.27668380737305,0,MehrBaba
1940,-8.625298500061035,-19.510231018066406,0,MehrBaba
2061,2.385845184326172,19.098264694213867,0,MehrBaba
1935,-5.1999359130859375,11.15577507019043,0,MehrBaba
2090,-10.059063911437988,20.008665084838867,0,MehrBaba
2169,-2.8033535480499268,17.75870704650879,0,MehrBaba
2147,5.4211320877075195,6.571913242340088,0,MehrBaba
2216,2.047443151473999,47.61307907104492,0,NaumanKhan
2190,20.672260284423828,-37.930049896240234,0,NaumanKhan
2220,-1.370764970779419,22.37932777404785,0,NaumanKhan
2202,9.921187400817871,49.60131072998047,0,NaumanKhan
2176,4.004141807556152,46.416900634765625,0,NaumanKhan
2229,-8.5069427490234375,4.260661602020264,0,NaumanKhan
2192,2.1701676845550537,47.05009841918945,0,NaumanKhan
2251,3.1127333641052246,40.004791259765625,0,NaumanKhan
2219,7.529857158660889,45.79183578491211,0,NaumanKhan
2225,16.618104934692383,50.33420944213867,0,NaumanKhan
2198,7.027375221252441,44.275840759277344,0,NaumanKhan
2210,5.734115123748779,45.87516784667969,0,NaumanKhan
2179,9.839975357055664,51.4996337890625,0,NaumanKhan
2242,27.071622848510742,-26.674625396728516,0,NaumanKhan
2186,4.864940643310547,45.66465759277344,0,NaumanKhan
2173,7.6363725662231445,49.14500045776367,0,NaumanKhan
2184,10.328864097595215,48.751407623291016,0,NaumanKhan
2226,16.605846405029297,50.360321044921875,0,NaumanKhan
2193,-0.27220213413238525,41.75834655761719,0,NaumanKhan
2240,26.97201156616211,-40.74415588378906,0,NaumanKhan
2212,8.380940437316895,-11.04440975189209,0,NaumanKhan
2266,-19.295625686645508,34.24469757080078,1,nusra-front
2263,-15.90099048614502,28.390460968017578,1,nusra-front
2259,-18.72785186767578,32.11298751831055,1,nusra-front
2371,26.1590518951416,29.583337783813477,0,PastorAnderson
2378,-41.740394592285156,-28.91577911376953,0,PastorAnderson
2325,15.099209785461426,31.882402420043945,0,PastorAnderson
2363,44.120182037353516,-30.05801773071289,0,PastorAnderson
2438,11.70813274383545,27.214740753173828,0,PastorAnderson
2443,11.743950843811035,15.502375602722168,0,PastorAnderson
2268,31.28486442565918,17.373977661132812,0,PastorAnderson
2454,24.93918800354004,-19.114215850830078,0,PastorAnderson
2403,33.40454864501953,-39.91892623901367,0,PastorAnderson
2269,27.43294906616211,41.285301208496094,0,PastorAnderson
2300,41.445316314697266,-25.15145492553711,0,PastorAnderson
2298,36.031734466552734,17.64948844909668,0,PastorAnderson
2383,34.18308639526367,20.28461265563965,0,PastorAnderson
2490,31.10448455810547,36.24154281616211,0,PastorAnderson
2290,36.38017272949219,33.57353591918945,0,PastorAnderson
2271,31.789180755615234,17.34609031677246,0,PastorAnderson
2315,35.82111740112305,-20.569177627563477,0,PastorAnderson
2314,39.40024185180664,-24.989660263061523,0,PastorAnderson
2441,53.24900817871094,6.985732078552246,0,PastorAnderson
2364,53.5311279296875,-10.668346405029297,0,PastorAnderson
2340,35.804046630859375,21.442819595336914,0,PastorAnderson
2352,15.887892723083496,-26.656354904174805,0,PastorAnderson
2360,-28.329299926757813,-31.12690544128418,0,PastorAnderson
2279,27.57248306274414,41.25115203857422,0,PastorAnderson
2418,31.647056579589844,34.51670837402344,0,PastorAnderson
2332,19.57394027709961,18.406909942626953,0,PastorAnderson
2415,37.51857376098633,-29.233192443847656,0,PastorAnderson
2461,-4.182058334350586,-27.772565841674805,0,PastorAnderson
2328,45.300376892089844,-27.652122497558594,0,PastorAnderson
2381,-35.953861236572266,-21.064241409301758,0,PastorAnderson
2431,38.91553497314453,-19.203393936157227,0,PastorAnderson
2278,-28.727746963500977,-15.553214073181152,0,PastorAnderson
2400,28.637962341308594,15.674118041992187,0,PastorAnderson
2317,45.13813018798828,-0.22010387480258942,0,PastorAnderson
2485,23.736404418945313,16.509780883789063,0,PastorAnderson
2323,27.31998634338379,-44.32573699951172,0,PastorAnderson
2493,24.910959243774414,37.90611267089844,0,PastorAnderson
2468,36.70405197143555,-2.3446202278137207,0,PastorAnderson
2395,44.69879913330078,12.10496997833252,0,PastorAnderson
2480,14.362749099731445,25.180370330810547,0,PastorAnderson
2289,38.179534912109375,17.67031478881836,0,PastorAnderson
2471,29.222009658813477,-34.77138137817383,0,PastorAnderson
2439,10.113876342773437,18.51124382019043,0,PastorAnderson
2462,14.697465896606445,34.384552001953125,0,PastorAnderson
2437,-31.952346801757813,0.5905063152313232,0,PastorAnderson
2428,7.711370944976807,8.217964172363281,0,PastorAnderson
2455,48.28352737426758,-26.974164962768555,0,PastorAnderson
2413,36.09345626831055,8.207850456237793,0,PastorAnderson
2267,30.53365707397461,18.5858211517334,0,PastorAnderson
2324,31.49843406677246,31.728700637817383,0,PastorAnderson
2305,47.59340286254883,-28.219467163085937,0,PastorAnderson
2444,-31.6583309173584,-25.119667053222656,0,PastorAnderson
2362,10.65489673614502,-51.3769416809082,0,PastorAnderson
2304,32.265438079833984,15.690711975097656,0,PastorAnderson
2475,10.062068939208984,45.573219299316406,0,PastorAnderson
2390,19.770654678344727,14.702143669128418,0,PastorAnderson
2316,19.48195457458496,-49.84939956665039,0,PastorAnderson
2552,45.01850509643555,31.812484741210937,0,Rabbinic
2543,46.07793045043945,34.53966522216797,0,Rabbinic
2553,46.71551513671875,30.258329391479492,0,Rabbinic
2513,49.313480377197266,32.27439880371094,0,Rabbinic
2515,48.85968780517578,30.308115005493164,0,Rabbinic
2507,46.47859191894531,34.38841247558594,0,Rabbinic
2538,47.826045989990234,31.123620986938477,0,Rabbinic
2542,47.404754638671875,31.710786819458008,0,Rabbinic
2539,47.8452262878418,32.41851806640625,0,Rabbinic
2504,49.255699157714844,35.3037109375,0,Rabbinic
2526,48.65355682373047,31.26470947265625,0,Rabbinic
2525,46.80014419555664,31.279449462890625,0,Rabbinic
2532,45.64086151123047,34.46144485473633,0,Rabbinic
2499,48.86945343017578,33.82099151611328,0,Rabbinic
2577,-8.749542236328125,13.898340225219727,0,Schizophrenia
2608,-12.937823295593262,14.17529582977295,0,Schizophrenia
2610,-8.498068809509277,11.653299331665039,0,Schizophrenia
2555,-13.237130165100098,16.1876277923584,0,Schizophrenia
2624,-11.7540922164917,9.456682205200195,0,Schizophrenia
2622,-12.011985778808594,9.301653861999512,0,Schizophrenia
2587,-10.651867866516113,10.984207153320312,0,Schizophrenia
2623,-9.968879699707031,11.634748458862305,0,Schizophrenia
2593,-11.275308609008789,20.492351531982422,0,Schizophrenia
2562,-10.593278884887695,-41.201419830322266,0,Schizophrenia
2594,-13.254351615905762,16.637779235839844,0,Schizophrenia
2570,-21.721250534057617,31.828495025634766,0,Schizophrenia
2585,-12.641258239746094,8.580949783325195,0,Schizophrenia
2573,-13.65040111541748,12.127352714538574,0,Schizophrenia
2617,-12.665542602539063,14.053679466247559,0,Schizophrenia
2592,-10.887289047241211,10.533293724060059,0,Schizophrenia
2558,-11.819731712341309,12.452746391296387,0,Schizophrenia
2584,-14.112101554870605,2.2600057125091553,0,Schizophrenia
2849,-5.691177845001221,26.110179901123047,1,SeaShepherds
2981,-2.0453319549560547,0.46118655800819397,1,SeaShepherds
2780,-46.07960891723633,-11.831178665161133,1,SeaShepherds
2934,-42.579925537109375,-13.824804306030273,1,SeaShepherds
2638,-48.6874885559082,0.14777301251888275,1,SeaShepherds
2697,-22.781574249267578,19.181909561157227,1,SeaShepherds
2958,-26.287012100219727,-4.215362071990967,1,SeaShepherds
3041,-24.94803237915039,19.101131439208984,1,SeaShepherds
2675,-49.16387939453125,-0.5445704460144043,1,SeaShepherds
2654,-8.687834739685059,-50.18600082397461,1,SeaShepherds
3020,-17.2736873626709,16.673635482788086,1,SeaShepherds
2964,-25.178943634033203,-2.9813485145568848,1,SeaShepherds
2847,-42.04132080078125,-13.860503196716309,1,SeaShepherds
2932,-42.79442596435547,-13.91195011138916,1,SeaShepherds
2833,-46.20262145996094,-15.645946502685547,1,SeaShepherds
2658,-22.5915584564209,17.638927459716797,1,SeaShepherds
2791,21.53065299987793,3.979623794555664,1,SeaShepherds
3016,-47.57182693481445,-10.49367904663086,1,SeaShepherds
3059,-36.971412658691406,0.6140112280845642,1,SeaShepherds
2758,-41.84785842895508,-15.475555419921875,1,SeaShepherds
2725,-49.92351531982422,-13.049586296081543,1,SeaShepherds
2967,-40.991455078125,-9.926987648010254,1,SeaShepherds
3084,-41.592308044433594,-17.248981475830078,1,SeaShepherds
3106,-31.533950805664063,-1.6878669261932373,1,SeaShepherds
3019,-17.157093048095703,16.61016082763672,1,SeaShepherds
3155,-25.056087493896484,-35.3603401184082,1,SeaShepherds
3219,-44.372074127197266,-14.624898910522461,1,SeaShepherds
2640,-44.7679557800293,0.0426182821393013,1,SeaShepherds
2765,-13.513115882873535,-33.96747970581055,1,SeaShepherds
3037,-3.0587730407714844,16.251245498657227,1,SeaShepherds
2721,-44.944427490234375,3.1845028400421143,1,SeaShepherds
2998,-14.311736106872559,18.168020248413086,1,SeaShepherds
2995,-44.76252365112305,-10.946395874023438,1,SeaShepherds
3000,-22.478437423706055,0.13319629430770874,1,SeaShepherds
2695,-47.177337646484375,3.698709011077881,1,SeaShepherds
3164,22.15247344970703,11.612504959106445,1,SeaShepherds
2676,-48.49607467651367,0.10283994674682617,1,SeaShepherds
2975,-10.427165985107422,17.080646514892578,1,SeaShepherds
2717,-24.59602928161621,21.959632873535156,1,SeaShepherds
3125,-35.41455841064453,-2.477494955062866,1,SeaShepherds
2875,-3.9840071201324463,16.133413314819336,1,SeaShepherds
2924,-20.308879852294922,19.778535842895508,1,SeaShepherds
2848,-48.81937789916992,-8.259136199951172,1,SeaShepherds
3137,-26.46442413330078,7.277757167816162,1,SeaShepherds
2886,-18.429744720458984,14.76771354675293,1,SeaShepherds
2712,-47.242835998535156,4.1962103843688965,1,SeaShepherds
2997,-11.522988319396973,22.292041778564453,1,SeaShepherds
2994,-15.359477043151855,17.46590805053711,1,SeaShepherds
2681,-25.983407974243164,8.191266059875488,1,SeaShepherds
2985,-24.895307540893555,15.968340873718262,1,SeaShepherds
3175,-21.15839195251465,23.75442886352539,1,SeaShepherds
2863,10.828946113586426,3.5146231651306152,1,SeaShepherds
2939,-29.294496536254883,16.0474853515625,1,SeaShepherds
3217,-29.918914794921875,-3.563152313232422,1,SeaShepherds
2912,-11.939263343811035,16.789079666137695,1,SeaShepherds
3104,-29.181472778320313,-0.0384560264647007,1,SeaShepherds
2851,-19.098356246948242,-1.717272400856018,1,SeaShepherds
2901,-43.88077926635742,-17.253576278686523,1,SeaShepherds
2733,-43.3729362487793,-6.111603260040283,1,SeaShepherds
3029,20.465726852416992,3.0327789783477783,1,SeaShepherds
3103,-29.499656677246094,16.173004150390625,1,SeaShepherds
2945,-14.794400215148926,-31.29048728942871,1,SeaShepherds
3128,-14.950737953186035,16.873947143554688,1,SeaShepherds
3098,-35.59201431274414,-8.651969909667969,1,SeaShepherds
2677,-19.519699096679688,22.754497528076172,1,SeaShepherds
2974,-21.6204776763916,16.99741554260254,1,SeaShepherds
3200,0.626558780670166,5.505287170410156,1,SeaShepherds
2860,-1.810486912727356,-0.19464947283267975,1,SeaShepherds
2915,-15.99386978149414,15.607697486877441,1,SeaShepherds
2883,-26.679641723632813,18.875951766967773,1,SeaShepherds
3053,-39.03132247924805,-6.630570411682129,1,SeaShepherds
3211,-41.12176513671875,-7.04378604888916,1,SeaShepherds
2752,-28.20147132873535,-1.1856073141098022,1,SeaShepherds
3024,-8.030445098876953,22.874425888061523,1,SeaShepherds
2949,-44.7730598449707,-4.721922397613525,1,SeaShepherds
2726,-49.90467071533203,-13.068519592285156,1,SeaShepherds
2685,-43.2717170715332,-2.043531894683838,1,SeaShepherds
2629,-50.083763122558594,-0.19216476380825043,1,SeaShepherds
2804,5.121896266937256,-10.209349632263184,1,SeaShepherds
2881,-30.198287963867188,14.67951774597168,1,SeaShepherds
2965,-18.239952087402344,6.553332805633545,1,SeaShepherds
2727,-42.9449348449707,0.8617563247680664,1,SeaShepherds
2879,-9.44869613647461,-29.610713958740234,1,SeaShepherds
2857,-34.664127349853516,3.418475866317749,1,SeaShepherds
3203,6.805338382720947,-10.975071907043457,1,SeaShepherds
2936,-7.431019306182861,30.088214874267578,1,SeaShepherds
3214,-12.096699714660645,-30.72589683532715,1,SeaShepherds
3169,-4.258647918701172,6.351361274719238,1,SeaShepherds
2893,-45.123294830322266,-18.445186614990234,1,SeaShepherds
2662,-51.46983337402344,-0.18429222702980042,1,SeaShepherds
2711,-38.34539794921875,-1.380857229232788,1,SeaShepherds
2993,-31.00674819946289,3.9911680221557617,1,SeaShepherds
2843,-26.344999313354492,8.997507095336914,1,SeaShepherds
2777,-32.803138732910156,-7.927062034606934,1,SeaShepherds
2628,-50.53445816040039,-5.6287126541137695,1,SeaShepherds
2969,-24.535682678222656,-34.66501235961914,1,SeaShepherds
3141,-16.39006233215332,-29.668655395507813,1,SeaShepherds
2773,-15.711703300476074,12.126953125,1,SeaShepherds
2919,-24.808826446533203,15.658722877502441,1,SeaShepherds
3122,-11.49975872039795,21.428022384643555,1,SeaShepherds
3008,-27.959836959838867,-1.6226259469985962,1,SeaShepherds
2782,-39.59520721435547,-18.30113410949707,1,SeaShepherds
3120,19.829681396484375,8.75875186920166,1,SeaShepherds
3069,-23.895729064941406,1.732035756111145,1,SeaShepherds
3188,-22.667438507080078,-17.705652236938477,1,SeaShepherds
2839,-27.687402725219727,15.187172889709473,1,SeaShepherds
2704,-46.399776458740234,-0.49871066212654114,1,SeaShepherds
2653,-46.30740737915039,-10.649877548217773,1,SeaShepherds
2788,-49.58061218261719,-2.481678009033203,1,SeaShepherds
2876,-26.52541732788086,10.541036605834961,1,SeaShepherds
2759,-47.370330810546875,-9.541265487670898,1,SeaShepherds
2771,-22.804180145263672,0.47003620862960815,1,SeaShepherds
3051,-27.825151443481445,1.3487995862960815,1,SeaShepherds
3205,-31.87307357788086,-0.5855566263198853,1,SeaShepherds
3209,-12.235224723815918,12.315717697143555,1,SeaShepherds
3057,-16.570409774780273,-30.7906494140625,1,SeaShepherds
2898,-32.605682373046875,7.431436061859131,1,SeaShepherds
2982,-20.888347625732422,-7.970573425292969,1,SeaShepherds
3083,-18.766372680664063,0.7533894777297974,1,SeaShepherds
2836,-34.04633331298828,0.8047654628753662,1,SeaShepherds
3082,-29.214073181152344,-0.22132748365402222,1,SeaShepherds
2930,-14.13239860534668,-31.398141860961914,1,SeaShepherds
3118,-21.034332275390625,23.969608306884766,1,SeaShepherds
2666,-48.390289306640625,-8.634926795959473,1,SeaShepherds
2979,-35.97193145751953,-0.3519226312637329,1,SeaShepherds
3170,-14.223331451416016,2.6193675994873047,1,SeaShepherds
3136,-25.101972579956055,-35.45067596435547,1,SeaShepherds
2786,-35.61991500854492,-0.4443424642086029,1,SeaShepherds
2694,-47.46306610107422,-4.392435073852539,1,SeaShepherds
2670,-20.07896614074707,15.859770774841309,1,SeaShepherds
2686,-28.0750675201416,9.51889419555664,1,SeaShepherds
2921,3.328899621963501,35.997520446777344,1,SeaShepherds
3147,-15.929914474487305,-29.175329208374023,1,SeaShepherds
2973,-26.139192581176758,11.055105209350586,1,SeaShepherds
3038,-24.480281829833984,9.315464973449707,1,SeaShepherds
2728,-47.65105056762695,1.2213009595870972,1,SeaShepherds
2989,-24.25628662109375,18.739656448364258,1,SeaShepherds
2781,-53.19565200805664,-2.4386844635009766,1,SeaShepherds
2917,-21.629085540771484,19.05021095275879,1,SeaShepherds
2672,-48.62364196777344,-5.60711669921875,1,SeaShepherds
3184,-26.28144645690918,3.321443796157837,1,SeaShepherds
3014,-13.581894874572754,-33.75300216674805,1,SeaShepherds
2678,-46.28250503540039,-3.470365524291992,1,SeaShepherds
2744,-42.863128662109375,0.7945811152458191,1,SeaShepherds
2743,-36.96112823486328,-2.9109182357788086,1,SeaShepherds
2760,-40.37630081176758,-11.318317413330078,1,SeaShepherds
3002,-39.67622756958008,-18.353639602661133,1,SeaShepherds
2754,-45.263206481933594,-18.684999465942383,1,SeaShepherds
2820,-8.761739730834961,8.44670295715332,1,SeaShepherds
3194,-18.446338653564453,5.215798854827881,1,SeaShepherds
2636,-47.11381912231445,-1.165246844291687,1,SeaShepherds
3752,11.139113426208496,-50.52447509765625,0,Shepherd
3757,7.972930908203125,-32.77989959716797,0,Shepherd
3588,0.6079143285751343,-8.477354049682617,0,Shepherd
3592,9.04013442993164,-32.634033203125,0,Shepherd
3636,23.35002899169922,-42.96730422973633,0,Shepherd
3638,7.741981029510498,-27.021480560302734,0,Shepherd
3851,16.23541831970215,-26.30250358581543,0,Shepherd
3417,38.27037048339844,24.92562484741211,0,Shepherd
3427,18.915931701660156,-38.2822151184082,0,Shepherd
3895,13.148709297180176,-27.653656005859375,0,Shepherd
3560,-7.465679168701172,-26.25925636291504,0,Shepherd
3773,18.0617618560791,-25.323848724365234,0,Shepherd
3670,-21.074235916137695,-35.08122634887695,0,Shepherd
3942,5.105624198913574,-21.648433685302734,0,Shepherd
3327,36.858280181884766,-29.551494598388672,0,Shepherd
3750,-1.4664323329925537,-12.938980102539062,0,Shepherd
3827,22.791784286499023,-5.944690227508545,0,Shepherd
3455,20.205522537231445,-29.34352684020996,0,Shepherd
3618,-40.31535339355469,-7.899352073669434,0,Shepherd
3541,1.2922495603561401,12.25822639465332,0,Shepherd
3305,28.21917152404785,-43.11005783081055,0,Shepherd
3354,25.10613250732422,-37.504154205322266,0,Shepherd
3817,-20.951452255249023,4.470952033996582,0,Shepherd
3857,42.40580368041992,-31.545875549316406,0,Shepherd
3787,18.027128219604492,37.4549560546875,0,Shepherd
3695,-32.672245025634766,19.97551727294922,0,Shepherd
3714,13.535760879516602,-34.077972412109375,0,Shepherd
3831,-1.2953088283538818,17.705280303955078,0,Shepherd
3438,-2.2206685543060303,-10.230589866638184,0,Shepherd
3564,9.593561172485352,11.94774055480957,0,Shepherd
3345,-7.321044445037842,10.421585083007812,0,Shepherd
3590,-2.7573208808898926,-16.87286376953125,0,Shepherd
3523,19.303205490112305,3.5166308879852295,0,Shepherd
3634,-10.957876205444336,-39.187721252441406,0,Shepherd
3448,13.32340145111084,-37.498931884765625,0,Shepherd
3370,22.125215530395508,-48.6418342590332,0,Shepherd
3815,-3.7254624366760254,12.212538719177246,0,Shepherd
3573,10.613081932067871,-30.103595733642578,0,Shepherd
3549,10.111273765563965,-35.02144241333008,0,Shepherd
3473,26.425661087036133,-23.004732131958008,0,Shepherd
3776,0.023991011083126068,10.140612602233887,0,Shepherd
3853,19.221431732177734,16.513225555419922,0,Shepherd
3948,22.014631271362305,-0.6001507639884949,0,Shepherd
3613,-22.5479679107666,-2.7771105766296387,0,Shepherd
3616,18.45907974243164,-7.4160966873168945,0,Shepherd
3406,5.284605979919434,-18.185239791870117,0,Shepherd
3263,5.983819484710693,19.653478622436523,0,Shepherd
3346,-0.8852239847183228,4.911116123199463,0,Shepherd
3341,14.787588119506836,-0.1270427256822586,0,Shepherd
3533,15.266180038452148,-13.906282424926758,0,Shepherd
3861,-25.136812210083008,0.2865116596221924,0,Shepherd
3640,10.162961959838867,-33.79825973510742,0,Shepherd
3497,14.216282844543457,4.804625988006592,0,Shepherd
3756,10.150432586669922,-20.457462310791016,0,Shepherd
3796,-30.634422302246094,14.74906063079834,0,Shepherd
3452,11.243572235107422,-28.66132164001465,0,Shepherd
3802,19.292213439941406,18.125293731689453,0,Shepherd
3349,19.889867782592773,-10.779584884643555,0,Shepherd
3867,16.585330963134766,-12.016050338745117,0,Shepherd
3715,20.90833282470703,-25.493576049804687,0,Shepherd
3848,43.48258590698242,-37.040748596191406,0,Shepherd
3400,13.785171508789063,-21.729541778564453,0,Shepherd
3501,-0.08303487300872803,-37.19426727294922,0,Shepherd
3574,16.393348693847656,-35.425559997558594,0,Shepherd
3313,29.114694595336914,-38.42579650878906,0,Shepherd
3581,19.636489868164062,-17.392301559448242,0,Shepherd
3422,-27.513185501098633,-40.76066207885742,0,Shepherd
3306,8.249372482299805,-22.390810012817383,0,Shepherd
3344,3.3156492710113525,-3.0720911026000977,0,Shepherd
3639,-29.356220245361328,11.554590225219727,0,Shepherd
3930,1.7285003662109375,-2.8746988773345947,0,Shepherd
3431,18.074237823486328,10.299732208251953,0,Shepherd
3713,-1.5792149305343628,-4.787370681762695,0,Shepherd
3378,21.734241485595703,5.803896903991699,0,Shepherd
3318,7.109948635101318,-21.867958068847656,0,Shepherd
3423,28.18092918395996,-45.49827575683594,0,Shepherd
3291,-4.6948561668396,25.168201446533203,0,Shepherd
3906,12.385284423828125,-18.08501625061035,0,Shepherd
3842,0.07525607198476791,25.102659225463867,0,Shepherd
3593,12.301674842834473,-33.672428131103516,0,Shepherd
3622,21.457181930541992,-30.163848876953125,0,Shepherd
3544,-0.49544423818588257,-7.178304195404053,0,Shepherd
3394,27.97994613647461,-43.10375213623047,0,Shepherd
3348,9.301429748535156,8.269230842590332,0,Shepherd
3717,-3.7364869117736816,3.1830668449401855,0,Shepherd
3490,9.509181022644043,-15.313297271728516,0,Shepherd
3471,14.389842987060547,-34.81608963012695,0,Shepherd
3502,-2.7256176471710205,8.174257278442383,0,Shepherd
3897,3.0275657176971436,5.279841899871826,0,Shepherd
3243,36.0150260925293,-35.16305923461914,0,Shepherd
3735,18.72770118713379,34.50546646118164,0,Shepherd
3749,23.043556213378906,-35.60651779174805,0,Shepherd
3550,-27.27092742919922,-25.04843521118164,0,Shepherd
3939,10.312066078186035,10.451977729797363,0,Shepherd
3339,35.38319396972656,-31.008764266967773,0,Shepherd
3780,23.02550506591797,7.1695733070373535,0,Shepherd
3606,12.761446952819824,-8.7216644287109375,0,Shepherd
3319,39.58830261230469,-26.359262466430664,0,Shepherd
3337,1.7134664058685303,3.485707998275757,0,Shepherd
3957,6.454524993896484,-26.27794647216797,0,Shepherd
3612,-24.915559768676758,3.949097156524658,0,Shepherd
3661,-8.61518383026123,3.9798038005828857,0,Shepherd
3810,9.182138442993164,22.183366775512695,0,Shepherd
3484,21.81710433959961,-28.621484756469727,0,Shepherd
3479,15.646450996398926,-50.58673858642578,0,Shepherd
3299,16.248321533203125,-21.543331146240234,0,Shepherd
3513,8.777336120605469,7.670172214508057,0,Shepherd
3682,29.703834533691406,-51.24794006347656,0,Shepherd
3401,-15.494510650634766,-30.215351104736328,0,Shepherd
3510,13.705771446228027,-28.620361328125,0,Shepherd
3551,-41.487083435058594,-13.906780242919922,0,Shepherd
3736,20.576581954956055,-5.851532459259033,0,Shepherd
3594,8.985180854797363,-32.55183029174805,0,Shepherd
3332,20.64394760131836,-34.86122512817383,0,Shepherd
3316,27.633119583129883,-4.456354141235352,0,Shepherd
3546,30.51596450805664,-22.094043731689453,0,Shepherd
3425,-1.275566577911377,-14.578943252563477,0,Shepherd
3838,-2.562068462371826,27.806690216064453,0,Shepherd
3409,29.418962478637695,-8.874383926391602,0,Shepherd
3498,18.817604064941406,-35.906272888183594,0,Shepherd
3901,-32.79193878173828,25.95222282409668,0,Shepherd
3314,15.128896713256836,-24.574886322021484,0,Shepherd
3336,-1.2921699285507202,6.8011884689331055,0,Shepherd
3506,8.245138168334961,-6.22542142868042,0,Shepherd
3426,19.804710388183594,-37.45917892456055,0,Shepherd
3628,30.243867874145508,3.7523179054260254,0,Shepherd
3645,17.282676696777344,-4.695705890655518,0,Shepherd
3672,-8.589338302612305,-0.9056190252304077,0,Shepherd
3871,21.037817001342773,8.050200462341309,0,Shepherd
3524,35.50416564941406,-30.135154724121094,0,Shepherd
3569,7.937416076660156,-8.89157485961914,0,Shepherd
3521,18.720518112182617,-16.47188377380371,0,Shepherd
3850,43.47505187988281,-37.035888671875,0,Shepherd
3482,-27.007047653198242,11.995026588439941,0,Shepherd
3910,-2.023383855819702,-9.368643760681152,0,Shepherd
3663,17.66474151611328,19.876995086669922,0,Shepherd
3235,38.44902801513672,-35.102901458740234,0,Shepherd
3238,24.715038299560547,-43.185062408447266,0,Shepherd
3601,30.277442932128906,-41.22541046142578,0,Shepherd
3954,20.004714965820313,-13.943605422973633,0,Shepherd
3296,25.383068084716797,-43.397972106933594,0,Shepherd
3563,22.462566375732422,11.104595184326172,0,Shepherd
3461,43.99656295776367,-10.3502779006958,0,Shepherd
3388,-12.357866287231445,6.69244909286499,0,Shepherd
3297,29.52618408203125,-0.935509204864502,0,Shepherd
3760,-5.674463272094727,-0.5511962175369263,0,Shepherd
3459,17.507495880126953,-27.564594268798828,0,Shepherd
3589,15.563409805297852,8.653470039367676,0,Shepherd
3583,-38.55763244628906,10.543416976928711,0,Shepherd
3308,11.186379432678223,-50.656131744384766,0,Shepherd
3404,25.472158432006836,-28.257980346679688,0,Shepherd
3572,-3.255431652069092,30.47329330444336,0,Shepherd
3285,7.210321426391602,5.521810531616211,0,Shepherd
3740,-0.1264093667268753,3.7000820636749268,0,Shepherd
3450,10.063091278076172,-0.6776397824287415,0,Shepherd
3553,-1.5650190114974976,32.47947692871094,0,Shepherd
3951,23.27223014831543,-38.41889190673828,0,Shepherd
3596,-24.09208106994629,10.405266761779785,0,Shepherd
3486,-6.702425003051758,0.6696150898933411,0,Shepherd
3710,4.230958461761475,2.320443868637085,0,Shepherd
3800,12.895408630371094,-27.133073806762695,0,Shepherd
3540,18.322975158691406,34.323368072509766,0,Shepherd
3896,10.500907897949219,-25.29481315612793,0,Shepherd
3727,42.53913879394531,-22.864238739013672,0,Shepherd
3949,14.787531852722168,-7.034346103668213,0,Shepherd
3411,18.38622283935547,-22.354427337646484,0,Shepherd
3518,11.542428016662598,-4.304241180419922,0,Shepherd
3860,21.788511276245117,31.479167938232422,0,Shepherd
3785,12.237141609191895,-30.561262130737305,0,Shepherd
3794,7.600035667419434,-29.60366439819336,0,Shepherd
3321,3.652113199234009,-8.342036247253418,0,Shepherd
3382,-34.90095901489258,33.659366607666016,0,Shepherd
3310,0.868368923664093,-24.703218460083008,0,Shepherd
3676,-3.864980936050415,-10.024300575256348,0,Shepherd
3801,14.59618854522705,2.7300477027893066,0,Shepherd
3826,14.813660621643066,7.000198841094971,0,Shepherd
3376,29.543119430541992,-23.588212966918945,0,Shepherd
3432,18.992515563964844,17.728553771972656,0,Shepherd
3685,0.09911123663187027,24.974254608154297,0,Shepherd
3334,-10.870589256286621,5.754815101623535,0,Shepherd
3914,33.85230255126953,-31.87671661376953,0,Shepherd
3703,-29.704683303833008,27.513534545898438,0,Shepherd
3960,-54.59931182861328,-0.1996486335992813,1,Stalin
3968,-15.200464248657227,28.588972091674805,0,suhaib-webb
3962,-14.7628755569458,36.16379928588867,0,suhaib-webb
3963,-17.41946792602539,37.152828216552734,0,suhaib-webb
3974,-17.90837287902832,36.98237991333008,0,suhaib-webb
3967,-11.53205394744873,36.5034294128418,0,suhaib-webb
3984,-20.05331802368164,32.613094329833984,1,taliban
3981,-17.480138778686523,29.806427001953125,1,taliban
3996,-17.473224639892578,-14.9030179977417,1,Unabomber
4003,-18.031940460205078,-18.936920166015625,1,Unabomber
3990,-17.29261016845703,-19.458131790161133,1,Unabomber
4009,-15.943530082702637,-16.685829162597656,1,Unabomber
3994,-17.92609214782715,-16.634410858154297,1,Unabomber
4001,-16.415708541870117,-15.899328231811523,1,Unabomber
4007,-17.62610626220703,-19.363840103149414,1,Unabomber
4222,-30.990854263305664,-34.02509689331055,0,Unitarian
4172,13.69384479522705,-47.54157638549805,0,Unitarian
4147,-20.73293113708496,-24.639999389648438,0,Unitarian
4123,11.802512168884277,-9.524399757385254,0,Unitarian
4021,-12.016039848327637,23.364660263061523,0,Unitarian
4122,52.572200775146484,-2.6996676921844482,0,Unitarian
4206,22.70476722717285,-25.356496810913086,0,Unitarian
4065,0.7837167382240295,27.837499618530273,0,Unitarian
4220,-17.5740966796875,-25.57955551147461,0,Unitarian
4281,13.42148494720459,26.907115936279297,0,Unitarian
4168,19.9705810546875,-33.13973617553711,0,Unitarian
4254,0.20867732167243958,10.150368690490723,0,Unitarian
4255,12.745635032653809,18.812274932861328,0,Unitarian
4137,-19.851093292236328,-25.306840896606445,0,Unitarian
4215,-18.251426696777344,-26.669492721557617,0,Unitarian
4079,27.388906478881836,-16.728065490722656,0,Unitarian
4035,-13.80948257446289,33.21400451660156,0,Unitarian
4186,20.246692657470703,-33.07157516479492,0,Unitarian
4237,3.009826898574829,1.4343771934509277,0,Unitarian
4089,23.185815811157227,-12.267904281616211,0,Unitarian
4190,-16.029592514038086,5.6201276779174805,0,Unitarian
4103,-5.232602119445801,-6.196804523468018,0,Unitarian
4175,24.38801383972168,-46.1413688659668,0,Unitarian
4109,-18.621280670166016,-10.157286643981934,0,Unitarian
4249,8.99067211151123,17.95992660522461,0,Unitarian
4139,-20.685274124145508,-24.26093292236328,0,Unitarian
4243,-10.34724235534668,-12.253464698791504,0,Unitarian
4093,25.34984588623047,-44.10556411743164,0,Unitarian
4185,-19.47042465209961,8.048436164855957,0,Unitarian
4248,21.645875930786133,-20.072813034057617,0,Unitarian
4178,-19.61391258239746,-20.338253021240234,0,Unitarian
4305,45.9387321472168,7.876572608947754,0,Unitarian
4044,-10.545770645141602,27.609745025634766,0,Unitarian
4061,6.205777645111084,17.371601104736328,0,Unitarian
4042,-9.657418251037598,27.38844108581543,0,Unitarian
4158,-16.514307022094727,-24.804428100585937,0,Unitarian
4250,-6.386023044586182,-5.608931541442871,0,Unitarian
4151,-19.49294662475586,-26.563751220703125,0,Unitarian
4228,31.2108154296875,-33.130828857421875,0,Unitarian
4064,0.8255618214607239,-10.206586837768555,0,Unitarian
4253,3.071270227432251,-37.08456802368164,0,Unitarian
4270,-5.923600196838379,-12.818376541137695,0,Unitarian
4294,15.03901195526123,14.74382495880127,0,Unitarian
4313,46.07612991333008,7.934257507324219,0,Unitarian
4025,-10.556148529052734,26.265100479125977,0,Unitarian
4260,-36.740577697753906,20.5941104888916,0,Unitarian
4136,-20.21531105041504,-24.022659301757813,0,Unitarian
4311,-9.043975830078125,-22.99941062927246,0,Unitarian
4095,24.79248046875,-21.47960090637207,0,Unitarian
4127,-11.537142753601074,-4.375396251678467,0,Unitarian
4236,-39.479740142822266,-11.769980430603027,0,Unitarian
4100,7.368278503417969,17.779634475708008,0,Unitarian
4113,-21.211816787719727,-15.733257293701172,0,Unitarian
4166,-23.253957748413086,-11.932138442993164,0,Unitarian
4057,-23.381195068359375,-11.884733200073242,0,Unitarian
4059,-21.57185173034668,-24.214298248291016,0,Unitarian
4299,46.455345153808594,8.086186408996582,0,Unitarian
4188,52.500606536865234,-2.5733962059020996,0,Unitarian
4301,-14.491558074951172,29.45823097229004,0,Unitarian
4051,-21.203927993774414,-26.396526336669922,0,Unitarian
4218,-38.58049011230469,15.846689224243164,0,Unitarian
4238,-6.793102741241455,-7.920191287994385,0,Unitarian
4191,13.839997291564941,-35.91313171386719,0,Unitarian
4128,2.639812707901001,-35.589195251464844,0,Unitarian
4060,-9.649419784545898,29.38536834716797,0,Unitarian
4306,8.167364120483398,31.724031448364258,0,Unitarian
4082,6.360968589782715,-48.88219451904297,0,Unitarian
4210,13.69615364074707,-15.422200202941895,0,Unitarian
4078,-4.3580427169799805,-16.820358276367188,0,Unitarian
4052,15.71924877166748,-45.250823974609375,0,Unitarian
4176,-20.89747428894043,-19.675371170043945,0,Unitarian
4046,-37.100257873535156,25.166597366333008,0,Unitarian
4246,-3.0194454193115234,-18.518701553344727,0,Unitarian
4288,-32.69300842285156,-15.569972038269043,0,Unitarian
4091,52.70092010498047,-0.6616787910461426,0,Unitarian
4709,35.31295394897461,24.532154083251953,0,WBC
4730,41.93570327758789,5.1118621826171875,0,WBC
4363,28.2764949798584,30.89043617248535,0,WBC
4360,17.984529495239258,27.4317684173584,0,WBC
4387,28.794031143188477,21.881004333496094,0,WBC
4590,-3.293351888656616,22.20535659790039,0,WBC
4402,33.570125579833984,30.854127883911133,0,WBC
4415,31.0128231048584,13.712886810302734,0,WBC
4527,38.006900787353516,12.379081726074219,0,WBC
4486,31.915660858154297,-9.877585411071777,0,WBC
4608,20.370330810546875,-4.112059116363525,0,WBC
4675,42.71554183959961,-6.1247029304504395,0,WBC
4323,24.81879234313965,27.977466583251953,0,WBC
4700,33.54094696044922,25.61562728881836,0,WBC
4479,20.142478942871094,-1.4448472261428833,0,WBC
4459,38.136756896972656,31.406105041503906,0,WBC
4463,36.70863723754883,-0.7181654572486877,0,WBC
4696,3.6355063915252686,-8.269278526306152,0,WBC
4693,-2.7932615280151367,-11.919675827026367,0,WBC
4667,24.480998992919922,-0.16946350038051605,0,WBC
4552,6.6983747482299805,5.979578971862793,0,WBC
4439,28.774246215820313,18.65517807006836,0,WBC
4515,17.533998489379883,29.644872665405273,0,WBC
4635,35.48540496826172,-9.32038402557373,0,WBC
4317,28.817420959472656,27.907033920288086,0,WBC
4723,44.27219772338867,-23.41729736328125,0,WBC
4592,2.1882264614105225,24.377273559570313,0,WBC
4540,33.19896697998047,31.230831146240234,0,WBC
4720,30.67984390258789,1.760460376739502,0,WBC
4659,15.733872413635254,5.589795112609863,0,WBC
4548,23.690725326538086,2.300903558731079,0,WBC
4429,28.375547409057617,16.058563232421875,0,WBC
4706,25.619537353515625,16.72032356262207,0,WBC
4467,30.304039001464844,5.4650468826293945,0,WBC
4537,-1.1200335025787354,-3.336890935897827,0,WBC
4378,21.191776275634766,10.536806106567383,0,WBC
4460,32.233341217041016,27.856548309326172,0,WBC
4737,-31.509628295898438,-38.14301300048828,0,WBC
4438,31.627464294433594,7.551496982574463,0,WBC
4699,41.144065856933594,7.557299613952637,0,WBC
4417,27.422306060791016,13.244203567504883,0,WBC
4502,25.572425842285156,20.304615020751953,0,WBC
4634,9.32716178894043,13.11293888092041,0,WBC
4727,44.263065338134766,11.952156066894531,0,WBC
4681,31.16292953491211,4.631261348724365,0,WBC
4620,25.15142059326172,6.498477458953857,0,WBC
4326,27.683250427246094,29.922760009765625,0,WBC
4458,30.056352615356445,26.253524780273438,0,WBC
4487,29.138856887817383,32.19900131225586,0,WBC
4316,27.19979476928711,28.7759952545166,0,WBC
4346,26.67424201965332,18.73994255065918,0,WBC
4584,32.8592414855957,27.428102493286133,0,WBC
4503,20.897972106933594,27.117271423339844,0,WBC
4414,29.972736358642578,32.52051544189453,0,WBC
4619,-9.713014602661133,-19.010700225830078,0,WBC
4390,26.898454666137695,-6.361810207366943,0,WBC
4493,27.726224899291992,32.74407958984375,0,WBC
4587,28.34895133972168,31.067340850830078,0,WBC
4356,29.454103469848633,17.87520980834961,0,WBC
4529,30.87027359008789,24.124622344970703,0,WBC
4499,13.680410385131836,-3.0179691314697266,0,WBC
4477,-19.21735191345215,-33.07304382324219,0,WBC
4544,13.027335166931152,5.155758857727051,0,WBC
4583,23.436031341552734,13.38213062286377,0,WBC
4664,24.331689834594727,-5.605259895324707,0,WBC
4357,36.64023208618164,15.459547996520996,0,WBC
4519,15.610705375671387,20.25145149230957,0,WBC
4422,22.978506088256836,2.6408939361572266,0,WBC
4632,38.924171447753906,-3.8462278842926025,0,WBC
4733,31.041778564453125,-36.75375747680664,0,WBC
4582,-38.24121856689453,6.290609836578369,0,WBC
4622,44.126792907714844,-26.37632942199707,0,WBC
4526,39.52360916137695,5.092158317565918,0,WBC
4695,23.477596282958984,3.755218744277954,0,WBC
4412,30.895103454589844,-25.431344985961914,0,WBC
4425,33.56624221801758,9.138846397399902,0,WBC
4445,34.97896194458008,31.581031799316406,0,WBC
4318,28.54228973388672,27.692319869995117,0,WBC
4724,26.458709716796875,25.305870056152344,0,WBC
4406,-16.056655883789063,3.8630974292755127,0,WBC
4419,29.785463333129883,26.57195281982422,0,WBC
4522,19.63418197631836,9.103413581848145,0,WBC
4546,47.95050048828125,14.124351501464844,0,WBC
4528,19.398447036743164,-9.59518814086914,0,WBC
4591,28.085561752319336,0.06212184578180313,0,WBC
4442,27.114561080932617,21.230205535888672,0,WBC
4630,-0.3285512328147888,-0.3899693489074707,0,WBC
4392,23.930814743041992,28.011205673217773,0,WBC
4607,21.562856674194336,10.96929931640625,0,WBC
4441,19.010921478271484,13.867804527282715,0,WBC
4475,35.384395599365234,0.30529287457466125,0,WBC
4334,30.400146484375,27.750917434692383,0,WBC
4405,19.028453826904297,-2.0108182430267334,0,WBC
4435,25.500383377075195,36.67486572265625,0,WBC
4325,33.81444549560547,19.55929183959961,0,WBC
4382,9.67622184753418,24.00409698486328,0,WBC
4337,35.630409240722656,17.666501998901367,0,WBC
4465,29.755674362182617,32.38990783691406,0,WBC
4566,36.84792709350586,23.521711349487305,0,WBC
4507,8.818524360656738,29.660423278808594,0,WBC
4694,7.943851947784424,3.800915002822876,0,WBC
4359,26.72454261779785,20.982006072998047,0,WBC
4322,32.27280807495117,33.081077575683594,0,WBC
4434,44.457183837890625,12.994309425354004,0,WBC
4484,38.767799377441406,18.89325714111328,0,WBC
4473,14.804450988769531,12.665626525878906,0,WBC
4906,-30.224130630493164,-27.80824851989746,1,white-supremacist
5046,-32.65561294555664,15.077762603759766,1,white-supremacist
4998,-32.7623291015625,-8.653541564941406,1,white-supremacist
5012,-32.66488265991211,14.950087547302246,1,white-supremacist
5096,-24.950742721557617,10.566067695617676,1,white-supremacist
4917,-39.79677963256836,-23.054624557495117,1,white-supremacist
4972,-44.16498947143555,24.25333023071289,1,white-supremacist
5020,-44.208038330078125,18.287433624267578,1,white-supremacist
5016,-10.69898796081543,21.16250991821289,1,white-supremacist
4764,-35.61543655395508,12.442573547363281,1,white-supremacist
4799,-30.999292373657227,-19.471416473388672,1,white-supremacist
4785,-45.365169525146484,15.539669036865234,1,white-supremacist
5112,-12.131919860839844,17.890024185180664,1,white-supremacist
5128,-7.462018013000488,1.9631789922714233,1,white-supremacist
5083,-12.85380744934082,-2.1346306800842285,1,white-supremacist
5116,-15.820289611816406,7.4061455726623535,1,white-supremacist
5176,-25.649202346801758,-11.586722373962402,1,white-supremacist
4945,-17.3004150390625,27.91244888305664,1,white-supremacist
4765,-26.78741455078125,-12.306303977966309,1,white-supremacist
5267,-38.129371643066406,-24.68638801574707,1,white-supremacist
5079,-16.53215789794922,-20.814285278320313,1,white-supremacist
5129,9.92440414428711,30.461824417114258,1,white-supremacist
5192,-15.795960426330566,14.714239120483398,1,white-supremacist
4922,-32.784423828125,-23.708826065063477,1,white-supremacist
4991,-47.35936737060547,21.437246322631836,1,white-supremacist
4912,-9.517545700073242,-3.686966896057129,1,white-supremacist
5193,-4.306323528289795,33.2538948059082,1,white-supremacist
5160,-31.283884048461914,10.87956428527832,1,white-supremacist
5058,-9.197600364685059,6.253204345703125,1,white-supremacist
5232,-36.13588333129883,-33.18252944946289,1,white-supremacist
5089,-8.936456680297852,-4.375237464904785,1,white-supremacist
5226,-32.897789001464844,-33.09378433227539,1,white-supremacist
4845,-29.53291130065918,-17.716278076171875,1,white-supremacist
4760,-45.9554443359375,14.574885368347168,1,white-supremacist
5093,25.167083740234375,-30.37450408935547,1,white-supremacist
5189,-33.612239837646484,19.78116798400879,1,white-supremacist
4985,17.839920043945313,-30.011198043823242,1,white-supremacist
4925,-21.86427879333496,-18.161067962646484,1,white-supremacist
5013,-17.67111587524414,-11.617413520812988,1,white-supremacist
4780,-41.721092224121094,10.04727840423584,1,white-supremacist
5222,-32.9188232421875,-35.11222457885742,1,white-supremacist
5191,-3.4162590503692627,33.36571502685547,1,white-supremacist
4886,-31.60257911682129,-12.342838287353516,1,white-supremacist
4825,-53.02832794189453,6.383579254150391,1,white-supremacist
5300,-0.46612828969955444,19.209232330322266,1,white-supremacist
5263,-25.354055404663086,-35.985450744628906,1,white-supremacist
4996,-47.32046890258789,22.851451873779297,1,white-supremacist
5051,-38.3454704284668,21.679231643676758,1,white-supremacist
5180,-33.156925201416016,17.017576217651367,1,white-supremacist
5114,-36.78303909301758,23.66679573059082,1,white-supremacist
5142,-19.82763671875,6.384446620941162,1,white-supremacist
4777,-30.003780364990234,-11.825799942016602,1,white-supremacist
5165,-5.522548198699951,-0.7973677515983582,1,white-supremacist
5053,-46.334693908691406,-15.886284828186035,1,white-supremacist
5259,-0.5363867282867432,18.797250747680664,1,white-supremacist
4921,-18.29189109802246,-4.060530185699463,1,white-supremacist
5052,-31.360441207885742,-22.86445426940918,1,white-supremacist
5048,-34.52891159057617,-22.95962905883789,1,white-supremacist
4832,-29.225221633911133,-19.855504989624023,1,white-supremacist
5243,2.2729029655456543,-9.381709098815918,1,white-supremacist
4992,-28.418296813964844,-26.850160598754883,1,white-supremacist
5145,-44.43352508544922,23.60607147216797,1,white-supremacist
5069,-16.1472225189209,-0.36891016364097595,1,white-supremacist
5088,-22.70423698425293,16.584497451782227,1,white-supremacist
4871,-6.937419891357422,-31.75423240661621,1,white-supremacist
5209,-3.349426746368408,33.37144088745117,1,white-supremacist
4814,-5.969329357147217,-27.284564971923828,1,white-supremacist
4884,-47.552764892578125,21.071941375732422,1,white-supremacist
4866,-18.27313232421875,2.526576519012451,1,white-supremacist
4837,-41.32056427001953,7.762420654296875,1,white-supremacist
4827,-38.505245208740234,12.450106620788574,1,white-supremacist
5264,-34.541744232177734,-25.522632598876953,1,white-supremacist
4986,-44.15433120727539,13.475079536437988,1,white-supremacist
5306,-8.89543342590332,5.703378200531006,1,white-supremacist
5003,-46.19126892089844,18.73844337463379,1,white-supremacist
4955,-15.3626070022583,-10.193349838256836,1,white-supremacist
4738,-46.266998291015625,14.237467765808105,1,white-supremacist
4914,26.93572235107422,-41.776329040527344,1,white-supremacist
4763,-44.430870056152344,-4.006581783294678,1,white-supremacist
5307,-24.90793800354004,12.876194953918457,1,white-supremacist
4872,-43.39242172241211,14.353435516357422,1,white-supremacist
5060,-29.31028938293457,-26.213497161865234,1,white-supremacist
4893,-49.29602813720703,1.1386339664459229,1,white-supremacist
4776,-39.92962646484375,10.617511749267578,1,white-supremacist
5290,-44.465091705322266,24.624906539916992,1,white-supremacist
5242,-32.411468505859375,-32.38691711425781,1,white-supremacist
4775,-15.39370059967041,1.2123817205429077,1,white-supremacist
4852,-48.259037017822266,11.083813667297363,1,white-supremacist
4881,-52.975704193115234,6.2763190269470215,1,white-supremacist
4882,-21.36100959777832,-17.658248901367188,1,white-supremacist
4969,-1.2396063804626465,3.7616844177246094,1,white-supremacist
4909,-28.63316535949707,-12.593451499938965,1,white-supremacist
5178,-22.919431686401367,12.252828598022461,1,white-supremacist
5008,-12.712764739990234,0.31824660301208496,1,white-supremacist
4740,-45.63510513305664,8.6931915283203125,1,white-supremacist
5039,-23.65203094482422,-7.97848653793335,1,white-supremacist
4974,-23.7525577545166,-30.94944190979004,1,white-supremacist
5237,-34.574466705322266,-34.636531829833984,1,white-supremacist
4781,-41.04345703125,10.230945587158203,1,white-supremacist
5115,-5.657049655914307,-36.929134368896484,1,white-supremacist
4788,-39.68988800048828,14.751504898071289,1,white-supremacist
5124,-34.31984329223633,-5.387398719787598,1,white-supremacist
5272,-36.618934631347656,20.29472541809082,1,white-supremacist
4849,-48.1198616027832,-16.489517211914063,1,white-supremacist
5265,-11.57359790802002,-38.40264129638672,1,white-supremacist
4808,-28.699207305908203,-21.984853744506836,1,white-supremacist
5010,-36.083763122558594,21.262516021728516,1,white-supremacist
4818,-34.34305953979492,19.02645492553711,1,white-supremacist
4970,-23.484798431396484,8.700676918029785,1,white-supremacist
5247,8.066969871520996,32.32304000854492,1,white-supremacist
5250,8.34564208984375,-46.480140686035156,1,white-supremacist
5268,-11.04329776763916,15.997721672058105,1,white-supremacist
5221,-33.334171295166016,-34.365535736083984,1,white-supremacist
4966,-36.37419128417969,-21.638370513916016,1,white-supremacist
5073,-28.796024322509766,-23.44254493713379,1,white-supremacist
5172,-18.371868133544922,-4.014224052429199,1,white-supremacist
4987,-36.70011520385742,7.037757396697998,1,white-supremacist
5238,-27.32277488708496,-13.378774642944336,1,white-supremacist
5275,-21.361684799194336,24.189895629882813,1,white-supremacist
4946,-9.813072204589844,6.408660888671875,1,white-supremacist
5302,-14.56124496459961,20.829795837402344,1,white-supremacist
5225,-18.990873336791992,12.344406127929688,1,white-supremacist
5169,-9.336697578430176,6.312264919281006,1,white-supremacist
4951,-39.88735580444336,16.20113754272461,1,white-supremacist
5245,-35.979736328125,-31.24428367614746,1,white-supremacist
5296,-21.770179748535156,9.38727855682373,1,white-supremacist
5231,-35.11580276489258,-30.81587028503418,1,white-supremacist
5044,43.353153228759766,34.95627212524414,1,white-supremacist
5102,-10.712642669677734,16.030046463012695,1,white-supremacist
5303,-15.286569595336914,23.479156494140625,1,white-supremacist
5001,-41.01087951660156,17.593862533569336,1,white-supremacist
5241,-33.30503845214844,-3.6251370906829834,1,white-supremacist
5082,-0.8335047960281372,19.628883361816406,1,white-supremacist
5278,-38.47328186035156,-24.002349853515625,1,white-supremacist
4901,-13.710291862487793,-5.073582172393799,1,white-supremacist
5140,-23.186641693115234,6.800070285797119,1,white-supremacist
5126,-17.191986083984375,12.349098205566406,1,white-supremacist
5295,-6.913469314575195,-43.68410110473633,1,white-supremacist
5041,-14.52060317993164,9.567118644714355,1,white-supremacist
4877,-28.430326461791992,17.327783584594727,1,white-supremacist
4792,-48.98212432861328,9.037335395812988,1,white-supremacist
5024,-22.242019653320313,-9.005593299865723,1,white-supremacist
4754,-30.654016494750977,-18.63738441467285,1,white-supremacist
5345,16.03911781311035,51.984561920166016,0,yasir-qadhi
5360,15.870158195495605,53.49805450439453,0,yasir-qadhi
5310,9.426139831542969,54.323490142822266,0,yasir-qadhi
5414,17.839384078979492,55.95296859741211,0,yasir-qadhi
5330,18.172801971435547,56.996036529541016,0,yasir-qadhi
5399,16.840051651000977,52.76873016357422,0,yasir-qadhi
5335,11.532135009765625,53.88987731933594,0,yasir-qadhi
5393,16.36313247680664,54.77156448364258,0,yasir-qadhi
5347,19.725690841674805,53.37060546875,0,yasir-qadhi
5319,18.834863662719727,57.73240661621094,0,yasir-qadhi
5401,16.379249572753906,53.33835983276367,0,yasir-qadhi
5326,16.61263084411621,56.75175094604492,0,yasir-qadhi
5359,17.890628814697266,53.67341995239258,0,yasir-qadhi
5327,19.54039764404297,55.99400329589844,0,yasir-qadhi
5412,19.86501693725586,50.63620376586914,0,yasir-qadhi
5383,21.255870819091797,55.50822830200195,0,yasir-qadhi
5344,16.859622955322266,52.3920783996582,0,yasir-qadhi
5358,17.11772918701172,55.57484817504883,0,yasir-qadhi
5369,18.35440444946289,55.86061096191406,0,yasir-qadhi
5380,16.39231300354004,55.7947998046875,0,yasir-qadhi
5315,15.712242126464844,60.41655349731445,0,yasir-qadhi
5366,16.02005386352539,56.34992218017578,0,yasir-qadhi
5354,14.057761192321777,55.03966522216797,0,yasir-qadhi
5332,16.56626319885254,56.949954986572266,0,yasir-qadhi
5322,17.63232421875,58.518531799316406,0,yasir-qadhi
5311,17.25316047668457,59.50996017456055,0,yasir-qadhi
5320,17.08219337463379,55.16176223754883,0,yasir-qadhi
5467,2.0948333740234375,15.220932960510254,0,YV
5428,-7.723273277282715,20.442520141601563,0,YV
5472,-7.417444705963135,21.157855987548828,0,YV
5431,5.383431911468506,8.421399116516113,0,YV
5443,-9.125171661376953,-18.45644187927246,0,YV
5469,-5.176952362060547,20.120689392089844,0,YV
5432,-5.249817848205566,19.96490478515625,0,YV
5464,-5.646787166595459,-14.652606964111328,0,YV
5451,-6.983457088470459,21.298147201538086,0,YV
5437,33.45606994628906,-19.79604148864746,0,YV
5439,-5.070338726043701,20.721956253051758,0,YV
5461,-5.457817077636719,21.49160385131836,0,YV
5416,-7.569639205932617,24.813791275024414,0,YV
5449,3.4317758083343506,14.057327270507812,0,YV
5453,32.81861114501953,-19.183303833007812,0,YV
5494,3.422377824783325,28.2725830078125,0,zakir-naik
5491,-17.828115463256836,13.26122760772705,0,zakir-naik
5476,-5.683125019073486,18.26142692565918,0,zakir-naik
5496,-15.353659629821777,21.788606643676758,0,zakir-naik
5492,-17.061338424682617,13.75189208984375,0,zakir-naik
5481,20.147207260131836,23.542308807373047,0,zakir-naik
5478,2.648648262023926,12.344316482543945,0,zakir-naik
